lambda_nm,intensity
7.078380126953125000e+02,9.142533876001834869e-03
7.076142578125000000e+02,9.127160534262657166e-03
7.073905029296875000e+02,8.744815364480018616e-03
7.071667480468750000e+02,8.655766025185585022e-03
7.069429931640625000e+02,1.000218372792005539e-02
7.067192382812500000e+02,9.556976146996021271e-03
7.064954833984375000e+02,9.150815196335315704e-03
7.062717285156250000e+02,9.355643764138221741e-03
7.060479736328125000e+02,9.353128261864185333e-03
7.058242187500000000e+02,9.254022501409053802e-03
7.056004638671875000e+02,1.014807354658842087e-02
7.053767089843750000e+02,1.001970656216144562e-02
7.051529541015625000e+02,9.436244145035743713e-03
7.049291992187500000e+02,9.052373468875885010e-03
7.047054443359375000e+02,9.087278507649898529e-03
7.044816894531250000e+02,9.023004211485385895e-03
7.042579345703125000e+02,8.713474497199058533e-03
7.040341796875000000e+02,8.689261972904205322e-03
7.038104248046875000e+02,9.361966513097286224e-03
7.035866699218750000e+02,1.006229966878890991e-02
7.033629150390625000e+02,9.592372924089431763e-03
7.031391601562500000e+02,9.300756268203258514e-03
7.029154052734375000e+02,1.047696918249130249e-02
7.026915893554687500e+02,9.263372980058193207e-03
7.024678344726562500e+02,8.517293259501457214e-03
7.022440795898437500e+02,8.517293259501457214e-03
7.020203247070312500e+02,8.391845971345901489e-03
7.017965698242187500e+02,8.257186971604824066e-03
7.015728149414062500e+02,8.625894784927368164e-03
7.013490600585937500e+02,8.790789172053337097e-03
7.011253051757812500e+02,8.393102325499057770e-03
7.009015502929687500e+02,8.265265263617038727e-03
7.006777954101562500e+02,8.680181577801704407e-03
7.004540405273437500e+02,8.901057764887809753e-03
7.002302856445312500e+02,8.927259594202041626e-03
7.000065307617187500e+02,8.918770588934421539e-03
6.997827758789062500e+02,8.633647114038467407e-03
6.995590209960937500e+02,8.878882043063640594e-03
6.993352661132812500e+02,9.455064311623573303e-03
6.991115112304687500e+02,1.013907976448535919e-02
6.988877563476562500e+02,1.045487914234399796e-02
6.986640014648437500e+02,1.041394378989934921e-02
6.984402465820312500e+02,9.696266613900661469e-03
6.982164916992187500e+02,9.099592454731464386e-03
6.979927368164062500e+02,1.019765250384807587e-02
6.977689819335937500e+02,1.212044525891542435e-02
6.975452270507812500e+02,1.279686484485864639e-02
6.973214721679687500e+02,1.279817987233400345e-02
6.970977172851562500e+02,1.304285135120153427e-02
6.968739624023437500e+02,1.314499415457248688e-02
6.966502075195312500e+02,1.277197431772947311e-02
6.964264526367187500e+02,1.267372909933328629e-02
6.962026977539062500e+02,1.278286240994930267e-02
6.959789428710937500e+02,1.305204443633556366e-02
6.957551879882812500e+02,1.373656373471021652e-02
6.955314331054687500e+02,1.374043617397546768e-02
6.953076782226562500e+02,1.437603123486042023e-02
6.950839233398437500e+02,1.470222510397434235e-02
6.948601684570312500e+02,1.481693517416715622e-02
6.946364135742187500e+02,1.484184805303812027e-02
6.944126586914062500e+02,1.455242000520229340e-02
6.941889038085937500e+02,1.489330455660820007e-02
6.939651489257812500e+02,1.486199814826250076e-02
6.937413940429687500e+02,1.387589052319526672e-02
6.935176391601562500e+02,1.362104900181293488e-02
6.932938842773437500e+02,1.446060556918382645e-02
6.930701293945312500e+02,1.511674281209707260e-02
6.928463745117187500e+02,1.651079393923282623e-02
6.926226196289062500e+02,1.644853129982948303e-02
6.923988647460937500e+02,1.612637192010879517e-02
6.921751098632812500e+02,1.521390303969383240e-02
6.919513549804687500e+02,1.622773893177509308e-02
6.917276000976562500e+02,1.682681217789649963e-02
6.915038452148437500e+02,1.691970415413379669e-02
6.912800903320312500e+02,1.646089367568492889e-02
6.910563354492187500e+02,1.625023409724235535e-02
6.908325805664062500e+02,1.613276265561580658e-02
6.906088256835937500e+02,1.560480054467916489e-02
6.903850708007812500e+02,1.642548292875289917e-02
6.901613159179687500e+02,1.691826432943344116e-02
6.899375610351562500e+02,1.756316982209682465e-02
6.897138061523437500e+02,1.762296259403228760e-02
6.894900512695312500e+02,1.705899834632873535e-02
6.892662963867187500e+02,1.690933480858802795e-02
6.890425415039062500e+02,1.758210919797420502e-02
6.888187866210937500e+02,1.852131262421607971e-02
6.885950317382812500e+02,1.858144812285900116e-02
6.883712768554687500e+02,1.842294447124004364e-02
6.881475219726562500e+02,1.849040016531944275e-02
6.879237670898437500e+02,1.860499009490013123e-02
6.877000122070312500e+02,1.910260692238807678e-02
6.874762573242187500e+02,1.811685785651206970e-02
6.872525024414062500e+02,1.773500256240367889e-02
6.870287475585937500e+02,1.849871687591075897e-02
6.868049926757812500e+02,1.910493709146976471e-02
6.865812377929687500e+02,2.047081105411052704e-02
6.863574829101562500e+02,1.970547623932361603e-02
6.861337280273437500e+02,1.809614524245262146e-02
6.859099731445312500e+02,1.837006583809852600e-02
6.856862182617187500e+02,1.970068365335464478e-02
6.854624633789062500e+02,1.982166245579719543e-02
6.852387084960937500e+02,1.999542117118835449e-02
6.850149536132812500e+02,1.971223950386047363e-02
6.847911376953125000e+02,1.951756887137889862e-02
6.845673828125000000e+02,1.982615888118743896e-02
6.843436279296875000e+02,2.017908170819282532e-02
6.841198730468750000e+02,2.068438008427619934e-02
6.838961181640625000e+02,2.080869115889072418e-02
6.836723632812500000e+02,2.154838107526302338e-02
6.834486083984375000e+02,2.135345712304115295e-02
6.832248535156250000e+02,1.993046887218952179e-02
6.830010986328125000e+02,1.982017606496810913e-02
6.827773437500000000e+02,2.125878632068634033e-02
6.825535888671875000e+02,2.155774831771850586e-02
6.823298339843750000e+02,2.062407508492469788e-02
6.821060791015625000e+02,2.065180800855159760e-02
6.818823242187500000e+02,2.264055609703063965e-02
6.816585693359375000e+02,2.217506431043148041e-02
6.814348144531250000e+02,2.067865617573261261e-02
6.812110595703125000e+02,2.049516327679157257e-02
6.809873046875000000e+02,2.211767435073852539e-02
6.807635498046875000e+02,2.211764268577098846e-02
6.805397949218750000e+02,1.938371919095516205e-02
6.803160400390625000e+02,1.900569535791873932e-02
6.800922851562500000e+02,1.966644264757633209e-02
6.798685302734375000e+02,2.065926231443881989e-02
6.796447753906250000e+02,2.023807726800441742e-02
6.794210205078125000e+02,1.984755136072635651e-02
6.791972656250000000e+02,2.120632305741310120e-02
6.789735107421875000e+02,2.164307795464992523e-02
6.787497558593750000e+02,2.129986882209777832e-02
6.785260009765625000e+02,2.096041478216648102e-02
6.783022460937500000e+02,1.907221786677837372e-02
6.780784912109375000e+02,1.882878877222537994e-02
6.778547363281250000e+02,2.020001038908958435e-02
6.776309814453125000e+02,2.024984732270240784e-02
6.774072265625000000e+02,1.960610412061214447e-02
6.771834716796875000e+02,1.791843958199024200e-02
6.769597167968750000e+02,1.768271252512931824e-02
6.767359619140625000e+02,1.776354387402534485e-02
6.765122070312500000e+02,1.692130230367183685e-02
6.762884521484375000e+02,1.671886816620826721e-02
6.760646972656250000e+02,1.737548597157001495e-02
6.758409423828125000e+02,1.734061725437641144e-02
6.756171875000000000e+02,1.729574613273143768e-02
6.753934326171875000e+02,1.623426377773284912e-02
6.751696777343750000e+02,1.605859026312828064e-02
6.749459228515625000e+02,1.606273278594017029e-02
6.747221679687500000e+02,1.550040394067764282e-02
6.744984130859375000e+02,1.483948249369859695e-02
6.742746582031250000e+02,1.579023897647857666e-02
6.740509033203125000e+02,1.646782457828521729e-02
6.738271484375000000e+02,1.657504588365554810e-02
6.736033935546875000e+02,1.614273712038993835e-02
6.733796386718750000e+02,1.572134718298912048e-02
6.731558837890625000e+02,1.391433738172054291e-02
6.729321289062500000e+02,1.354677230119705200e-02
6.727083740234375000e+02,1.438901945948600769e-02
6.724846191406250000e+02,1.451368164271116257e-02
6.722608642578125000e+02,1.376347057521343231e-02
6.720371093750000000e+02,1.319824811071157455e-02
6.718133544921875000e+02,1.305087003856897354e-02
6.715895996093750000e+02,1.325043756514787674e-02
6.713658447265625000e+02,1.327352039515972137e-02
6.711420898437500000e+02,1.269912626594305038e-02
6.709183349609375000e+02,1.135877985507249832e-02
6.706945800781250000e+02,1.094295084476470947e-02
6.704708251953125000e+02,1.110751740634441376e-02
6.702470703125000000e+02,1.200234610587358475e-02
6.700233154296875000e+02,1.314593665301799774e-02
6.697995605468750000e+02,1.293559279292821884e-02
6.695758056640625000e+02,1.156771555542945862e-02
6.693520507812500000e+02,1.035670004785060883e-02
6.691282958984375000e+02,1.103944703936576843e-02
6.689045410156250000e+02,1.291300635784864426e-02
6.686807861328125000e+02,1.297075860202312469e-02
6.684570312500000000e+02,1.111432816833257675e-02
6.682332763671875000e+02,1.017225533723831177e-02
6.680095214843750000e+02,1.170025486499071121e-02
6.677857666015625000e+02,1.261844485998153687e-02
6.675620117187500000e+02,1.102439779788255692e-02
6.673382568359375000e+02,1.015068031847476959e-02
6.671145019531250000e+02,1.003004331141710281e-02
6.668907470703125000e+02,1.064690202474594116e-02
6.666669311523437500e+02,1.069078128784894943e-02
6.664431762695312500e+02,1.105673890560865402e-02
6.662194213867187500e+02,1.100396644324064255e-02
6.659956665039062500e+02,9.993951767683029175e-03
6.657719116210937500e+02,9.714907966554164886e-03
6.655481567382812500e+02,9.894787333905696869e-03
6.653244018554687500e+02,9.932791814208030701e-03
6.651006469726562500e+02,1.004610210657119751e-02
6.648768920898437500e+02,9.303063154220581055e-03
6.646531372070312500e+02,9.002009406685829163e-03
6.644293823242187500e+02,9.386189281940460205e-03
6.642056274414062500e+02,9.210300631821155548e-03
6.639818725585937500e+02,1.032086368650197983e-02
6.637581176757812500e+02,1.000745687633752823e-02
6.635343627929687500e+02,1.029453519731760025e-02
6.633106079101562500e+02,1.045136805623769760e-02
6.630868530273437500e+02,9.800334461033344269e-03
6.628630981445312500e+02,9.538204409182071686e-03
6.626393432617187500e+02,1.001640129834413528e-02
6.624155883789062500e+02,1.102005504071712494e-02
6.621918334960937500e+02,1.031176652759313583e-02
6.619680786132812500e+02,9.637939743697643280e-03
6.617443237304687500e+02,9.123383089900016785e-03
6.615205688476562500e+02,9.109603241086006165e-03
6.612968139648437500e+02,1.028457470238208771e-02
6.610730590820312500e+02,9.949770756065845490e-03
6.608493041992187500e+02,9.557330980896949768e-03
6.606255493164062500e+02,9.610899724066257477e-03
6.604017944335937500e+02,8.965892717242240906e-03
6.601780395507812500e+02,9.098943322896957397e-03
6.599542846679687500e+02,9.448144584894180298e-03
6.597305297851562500e+02,9.432172402739524841e-03
6.595067749023437500e+02,8.925947360694408417e-03
6.592830200195312500e+02,8.693838492035865784e-03
6.590592651367187500e+02,8.861573413014411926e-03
6.588355102539062500e+02,8.782203309237957001e-03
6.586117553710937500e+02,9.078769013285636902e-03
6.583880004882812500e+02,9.222107939422130585e-03
6.581642456054687500e+02,9.579849429428577423e-03
6.579404907226562500e+02,9.683132171630859375e-03
6.577167358398437500e+02,9.693025611340999603e-03
6.574929809570312500e+02,9.100876748561859131e-03
6.572692260742187500e+02,9.662895463407039642e-03
6.570454711914062500e+02,9.916231036186218262e-03
6.568217163085937500e+02,9.161635302007198334e-03
6.565979614257812500e+02,9.068772196769714355e-03
6.563742065429687500e+02,9.532433934509754181e-03
6.561504516601562500e+02,9.542871266603469849e-03
6.559266967773437500e+02,9.883747436106204987e-03
6.557029418945312500e+02,9.878844022750854492e-03
6.554791870117187500e+02,9.990795515477657318e-03
6.552554321289062500e+02,9.978543967008590698e-03
6.550316772460937500e+02,9.668596088886260986e-03
6.548079223632812500e+02,9.695039130747318268e-03
6.545841674804687500e+02,1.004822272807359695e-02
6.543604125976562500e+02,1.008165907114744186e-02
6.541366577148437500e+02,1.008175499737262726e-02
6.539129028320312500e+02,1.021162886172533035e-02
6.536891479492187500e+02,1.039191521704196930e-02
6.534653930664062500e+02,1.035165414214134216e-02
6.532416381835937500e+02,1.001682505011558533e-02
6.530178833007812500e+02,9.901575744152069092e-03
6.527941284179687500e+02,8.520926348865032196e-03
6.525703735351562500e+02,8.934286423027515411e-03
6.523466186523437500e+02,1.013707742094993591e-02
6.521228637695312500e+02,9.824246168136596680e-03
6.518991088867187500e+02,9.281559847295284271e-03
6.516753540039062500e+02,9.096013382077217102e-03
6.514515991210937500e+02,1.009285915642976761e-02
6.512278442382812500e+02,1.015267148613929749e-02
6.510040893554687500e+02,1.000585872679948807e-02
6.507803344726562500e+02,9.712284430861473083e-03
6.505565795898437500e+02,1.017299294471740723e-02
6.503328247070312500e+02,1.033043116331100464e-02
6.501090698242187500e+02,1.003414858132600784e-02
6.498853149414062500e+02,1.048635412007570267e-02
6.496615600585937500e+02,1.025108806788921356e-02
6.494378051757812500e+02,1.029155496507883072e-02
6.492140502929687500e+02,1.100296527147293091e-02
6.489902343750000000e+02,1.235172618180513382e-02
6.487664794921875000e+02,1.160936057567596436e-02
6.485427856445312500e+02,1.065011974424123764e-02
6.483189697265625000e+02,1.210106350481510162e-02
6.480952148437500000e+02,1.212665718048810959e-02
6.478714599609375000e+02,9.921412914991378784e-03
6.476477050781250000e+02,9.760464541614055634e-03
6.474239501953125000e+02,1.057310029864311218e-02
6.472001953125000000e+02,1.254418212920427322e-02
6.469764404296875000e+02,1.082429382950067520e-02
6.467526855468750000e+02,1.060924120247364044e-02
6.465289306640625000e+02,1.101232599467039108e-02
6.463051757812500000e+02,1.165519841015338898e-02
6.460814208984375000e+02,1.258632820099592209e-02
6.458576660156250000e+02,1.180356368422508240e-02
6.456339111328125000e+02,1.295019220560789108e-02
6.454101562500000000e+02,1.368222106248140335e-02
6.451864013671875000e+02,1.399206556379795074e-02
6.449626464843750000e+02,1.397030707448720932e-02
6.447388916015625000e+02,1.284391153603792191e-02
6.445151367187500000e+02,1.111787743866443634e-02
6.442913818359375000e+02,1.210426166653633118e-02
6.440676269531250000e+02,1.332498621195554733e-02
6.438438720703125000e+02,1.184095256030559540e-02
6.436201171875000000e+02,1.159104611724615097e-02
6.433963623046875000e+02,1.379549875855445862e-02
6.431726074218750000e+02,1.397884264588356018e-02
6.429488525390625000e+02,1.372243929654359818e-02
6.427250976562500000e+02,1.308957114815711975e-02
6.425013427734375000e+02,1.342810597270727158e-02
6.422775878906250000e+02,1.469596102833747864e-02
6.420538330078125000e+02,1.327075343579053879e-02
6.418300781250000000e+02,1.315752230584621429e-02
6.416063232421875000e+02,1.540659554302692413e-02
6.413825683593750000e+02,1.582316495478153229e-02
6.411588134765625000e+02,1.632871292531490326e-02
6.409350585937500000e+02,1.624411344528198242e-02
6.407113037109375000e+02,1.561033353209495544e-02
6.404875488281250000e+02,1.418927591294050217e-02
6.402637939453125000e+02,1.609260588884353638e-02
6.400400390625000000e+02,1.700328290462493896e-02
6.398162841796875000e+02,1.594934053719043732e-02
6.395925292968750000e+02,1.592991501092910767e-02
6.393687744140625000e+02,2.028106153011322021e-02
6.391450195312500000e+02,2.033085748553276062e-02
6.389212646484375000e+02,1.925472542643547058e-02
6.386975097656250000e+02,1.866227388381958008e-02
6.384737548828125000e+02,1.923817209899425507e-02
6.382500000000000000e+02,1.929521560668945312e-02
6.380262451171875000e+02,2.441811189055442810e-02
6.378024902343750000e+02,2.340315654873847961e-02
6.375787353515625000e+02,2.813393436372280121e-02
6.373549804687500000e+02,3.440876677632331848e-02
6.371312255859375000e+02,2.052228897809982300e-01
6.369074707031250000e+02,3.512238860130310059e-01
6.366837158203125000e+02,5.775194168090820312e-01
6.364599609375000000e+02,5.664625763893127441e-01
6.362362060546875000e+02,4.761480987071990967e-01
6.360124511718750000e+02,4.042814075946807861e-01
6.357886962890625000e+02,2.569946944713592529e-01
6.355649414062500000e+02,2.076727002859115601e-01
6.353411865234375000e+02,8.019464462995529175e-02
6.351174316406250000e+02,6.663917005062103271e-02
6.348936767578125000e+02,3.969680517911911011e-02
6.346699218750000000e+02,3.650021925568580627e-02
6.344461669921875000e+02,2.585515752434730530e-02
6.342224121093750000e+02,2.337691001594066620e-02
6.339986572265625000e+02,1.953450962901115417e-02
6.337749023437500000e+02,1.942805945873260498e-02
6.335511474609375000e+02,1.815462671220302582e-02
6.333273925781250000e+02,1.722726598381996155e-02
6.331036376953125000e+02,1.643870398402214050e-02
6.328798828125000000e+02,1.650573126971721649e-02
6.326561279296875000e+02,1.638004370033740997e-02
6.324323730468750000e+02,1.655056886374950409e-02
6.322086181640625000e+02,1.472703553736209869e-02
6.319848632812500000e+02,1.468070317059755325e-02
6.317611083984375000e+02,1.428350806236267090e-02
6.315373535156250000e+02,1.425929181277751923e-02
6.313135375976562500e+02,1.472781505435705185e-02
6.310898437500000000e+02,1.392881199717521667e-02
6.308660888671875000e+02,1.271687168627977371e-02
6.306422729492187500e+02,1.259864214807748795e-02
6.304185180664062500e+02,1.353399176150560379e-02
6.301947631835937500e+02,1.193320564925670624e-02
6.299710083007812500e+02,1.236309856176376343e-02
6.297472534179687500e+02,1.373629830777645111e-02
6.295234985351562500e+02,1.263383403420448303e-02
6.292997436523437500e+02,1.283970754593610764e-02
6.290759887695312500e+02,1.261854544281959534e-02
6.288522338867187500e+02,1.158957090228796005e-02
6.286284790039062500e+02,1.153472345322370529e-02
6.284047241210937500e+02,1.251048780977725983e-02
6.281809692382812500e+02,1.259316783398389816e-02
6.279572143554687500e+02,1.361982803791761398e-02
6.277334594726562500e+02,1.431071944534778595e-02
6.275097045898437500e+02,1.315040048211812973e-02
6.272859497070312500e+02,1.084509026259183884e-02
6.270621948242187500e+02,1.086619496345520020e-02
6.268384399414062500e+02,1.142191980034112930e-02
6.266146850585937500e+02,1.275527477264404297e-02
6.263909301757812500e+02,1.051170192658901215e-02
6.261671752929687500e+02,1.045293826609849930e-02
6.259434204101562500e+02,1.023494731634855270e-02
6.257196655273437500e+02,1.014630123972892761e-02
6.254959106445312500e+02,1.376981846988201141e-02
6.252721557617187500e+02,1.389588508754968643e-02
6.250484008789062500e+02,1.326875388622283936e-02
6.248246459960937500e+02,1.182949170470237732e-02
6.246008911132812500e+02,1.203668490052223206e-02
6.243771362304687500e+02,1.170487795025110245e-02
6.241533813476562500e+02,1.150994189083576202e-02
6.239296264648437500e+02,1.310585159808397293e-02
6.237058715820312500e+02,1.187869347631931305e-02
6.234821166992187500e+02,1.125724520534276962e-02
6.232583618164062500e+02,1.041408628225326538e-02
6.230346069335937500e+02,1.036773528903722763e-02
6.228108520507812500e+02,1.271540857851505280e-02
6.225870971679687500e+02,1.273740548640489578e-02
6.223633422851562500e+02,1.330678071826696396e-02
6.221395874023437500e+02,1.172254513949155807e-02
6.219158325195312500e+02,1.135225314646959305e-02
6.216920776367187500e+02,1.157306693494319916e-02
6.214683227539062500e+02,1.081095635890960693e-02
6.212445678710937500e+02,1.166287157684564590e-02
6.210208129882812500e+02,1.155443582683801651e-02
6.207970581054687500e+02,1.156698539853096008e-02
6.205733032226562500e+02,1.182396896183490753e-02
6.203495483398437500e+02,1.168532576411962509e-02
6.201257934570312500e+02,1.281946711242198944e-02
6.199020385742187500e+02,1.186603773385286331e-02
6.196782836914062500e+02,1.187425013631582260e-02
6.194545288085937500e+02,1.234802044928073883e-02
6.192307739257812500e+02,1.096985489130020142e-02
6.190070190429687500e+02,1.057270169258117676e-02
6.187832641601562500e+02,1.127989590167999268e-02
6.185595092773437500e+02,1.138078607618808746e-02
6.183357543945312500e+02,1.199667155742645264e-02
6.181119995117187500e+02,1.305635739117860794e-02
6.178882446289062500e+02,1.178113557398319244e-02
6.176644897460937500e+02,1.192878466099500656e-02
6.174407348632812500e+02,1.393606420606374741e-02
6.172169799804687500e+02,1.330985873937606812e-02
6.169932250976562500e+02,1.162258442491292953e-02
6.167694702148437500e+02,1.276488788425922394e-02
6.165457153320312500e+02,1.272877026349306107e-02
6.163219604492187500e+02,1.165058650076389313e-02
6.160982055664062500e+02,1.206835731863975525e-02
6.158744506835937500e+02,1.031124684959650040e-02
6.156506958007812500e+02,9.706911630928516388e-03
6.154269409179687500e+02,1.159026008099317551e-02
6.152031860351562500e+02,1.304067764431238174e-02
6.149794311523437500e+02,1.222679950296878815e-02
6.147556762695312500e+02,1.107394974678754807e-02
6.145319213867187500e+02,9.402714669704437256e-03
6.143081665039062500e+02,1.006354112178087234e-02
6.140844116210937500e+02,1.231511775404214859e-02
6.138606567382812500e+02,1.152226328849792480e-02
6.136369018554687500e+02,1.156566478312015533e-02
6.134131469726562500e+02,1.158386375755071640e-02
6.131893920898437500e+02,1.190348342061042786e-02
6.129655761718750000e+02,1.293590012937784195e-02
6.127418212890625000e+02,1.155540347099304199e-02
6.125181274414062500e+02,1.142798177897930145e-02
6.122943115234375000e+02,1.207708474248647690e-02
6.120705566406250000e+02,1.102407183498144150e-02
6.118468017578125000e+02,1.146417297422885895e-02
6.116230468750000000e+02,1.256918068975210190e-02
6.113992919921875000e+02,1.287494413554668427e-02
6.111755371093750000e+02,1.301841530948877335e-02
6.109517822265625000e+02,1.284117437899112701e-02
6.107280273437500000e+02,1.283522974699735641e-02
6.105042724609375000e+02,1.268313638865947723e-02
6.102805175781250000e+02,1.218540873378515244e-02
6.100567626953125000e+02,1.248197723180055618e-02
6.098330078125000000e+02,1.237372029572725296e-02
6.096092529296875000e+02,1.173029746860265732e-02
6.093854980468750000e+02,1.158774085342884064e-02
6.091617431640625000e+02,1.168864872306585312e-02
6.089379882812500000e+02,1.280302368104457855e-02
6.087142333984375000e+02,1.171010639518499374e-02
6.084904785156250000e+02,1.183012872934341431e-02
6.082667236328125000e+02,1.284506265074014664e-02
6.080429687500000000e+02,1.403416227549314499e-02
6.078192138671875000e+02,1.410681381821632385e-02
6.075954589843750000e+02,1.289792265743017197e-02
6.073717041015625000e+02,1.293507684022188187e-02
6.071479492187500000e+02,1.340558845549821854e-02
6.069241943359375000e+02,1.336597837507724762e-02
6.067004394531250000e+02,1.289157196879386902e-02
6.064766845703125000e+02,1.295068766921758652e-02
6.062529296875000000e+02,1.230433862656354904e-02
6.060291748046875000e+02,1.036401372402906418e-02
6.058054199218750000e+02,9.841758757829666138e-03
6.055816650390625000e+02,1.043814234435558319e-02
6.053579101562500000e+02,1.148340757936239243e-02
6.051341552734375000e+02,1.282438635826110840e-02
6.049104003906250000e+02,1.295418385416269302e-02
6.046866455078125000e+02,1.279487740248441696e-02
6.044628906250000000e+02,1.232235040515661240e-02
6.042391357421875000e+02,1.124039385467767715e-02
6.040153808593750000e+02,1.125524844974279404e-02
6.037916259765625000e+02,1.222559344023466110e-02
6.035678710937500000e+02,1.123177167028188705e-02
6.033441162109375000e+02,1.134608499705791473e-02
6.031203613281250000e+02,1.132545899599790573e-02
6.028966064453125000e+02,1.113837957382202148e-02
6.026728515625000000e+02,1.080797053873538971e-02
6.024490966796875000e+02,1.100538577884435654e-02
6.022253417968750000e+02,1.180333271622657776e-02
6.020015869140625000e+02,1.125427521765232086e-02
6.017778320312500000e+02,1.142339874058961868e-02
6.015540771484375000e+02,1.198909338563680649e-02
6.013303222656250000e+02,1.229545474052429199e-02
6.011065673828125000e+02,1.189673133194446564e-02
6.008828125000000000e+02,1.144707202911376953e-02
6.006590576171875000e+02,1.051795482635498047e-02
6.004353027343750000e+02,1.030780468136072159e-02
6.002115478515625000e+02,1.142044179141521454e-02
5.999877929687500000e+02,1.071717776358127594e-02
5.997640380859375000e+02,1.028239820152521133e-02
5.995402832031250000e+02,1.187434140592813492e-02
5.993165283203125000e+02,1.216225139796733856e-02
5.990927734375000000e+02,1.255707815289497375e-02
5.988690185546875000e+02,1.309716142714023590e-02
5.986452636718750000e+02,1.230834051966667175e-02
5.984215087890625000e+02,1.220474299043416977e-02
5.981977539062500000e+02,1.210736110806465149e-02
5.979739990234375000e+02,1.202533021569252014e-02
5.977502441406250000e+02,1.237423811107873917e-02
5.975264892578125000e+02,1.237489283084869385e-02
5.973027343750000000e+02,1.233116630464792252e-02
5.970789794921875000e+02,1.201437320560216904e-02
5.968551635742187500e+02,1.187408622354269028e-02
5.966314697265625000e+02,1.079105399549007416e-02
5.964077148437500000e+02,1.040998473763465881e-02
5.961838989257812500e+02,1.060957275331020355e-02
5.959602050781250000e+02,1.090764813125133514e-02
5.957363891601562500e+02,1.151193771511316299e-02
5.955126342773437500e+02,1.072711311280727386e-02
5.952889404296875000e+02,1.061143912374973297e-02
5.950651245117187500e+02,1.191618014127016068e-02
5.948413696289062500e+02,1.062376890331506729e-02
5.946176757812500000e+02,9.030384942889213562e-03
5.943938598632812500e+02,8.507066406309604645e-03
5.941701049804687500e+02,1.069217920303344727e-02
5.939463500976562500e+02,1.183416973799467087e-02
5.937225952148437500e+02,1.110014505684375763e-02
5.934989013671875000e+02,1.106439717113971710e-02
5.932750854492187500e+02,1.099788676947355270e-02
5.930513305664062500e+02,1.119229383766651154e-02
5.928275756835937500e+02,1.182570308446884155e-02
5.926038208007812500e+02,1.051223371177911758e-02
5.923800659179687500e+02,1.072324533015489578e-02
5.921563110351562500e+02,1.207881793379783630e-02
5.919325561523437500e+02,1.167925074696540833e-02
5.917088012695312500e+02,1.173239108175039291e-02
5.914850463867187500e+02,1.201536320149898529e-02
5.912612915039062500e+02,1.183616928756237030e-02
5.910375366210937500e+02,1.067702751606702805e-02
5.908137817382812500e+02,1.018553040921688080e-02
5.905900268554687500e+02,1.058646664023399353e-02
5.903662719726562500e+02,1.166659686714410782e-02
5.901425170898437500e+02,1.120317820459604263e-02
5.899187622070312500e+02,1.066324301064014435e-02
5.896950073242187500e+02,8.820618502795696259e-03
5.894712524414062500e+02,9.052112698554992676e-03
5.892474975585937500e+02,9.810682386159896851e-03
5.890237426757812500e+02,8.380075916647911072e-03
5.887999877929687500e+02,8.723250590264797211e-03
5.885762329101562500e+02,9.584452956914901733e-03
5.883524780273437500e+02,1.034786645323038101e-02
5.881287231445312500e+02,1.154217310249805450e-02
5.879049682617187500e+02,1.181118469685316086e-02
5.876812133789062500e+02,1.087392866611480713e-02
5.874574584960937500e+02,1.099957060068845749e-02
5.872337036132812500e+02,1.193570625036954880e-02
5.870099487304687500e+02,1.199100539088249207e-02
5.867861938476562500e+02,1.205597259104251862e-02
5.865624389648437500e+02,1.220243796706199646e-02
5.863386840820312500e+02,1.231249142438173294e-02
5.861149291992187500e+02,1.252925768494606018e-02
5.858911743164062500e+02,1.240429189056158066e-02
5.856674194335937500e+02,1.166759058833122253e-02
5.854436645507812500e+02,1.141117420047521591e-02
5.852199096679687500e+02,1.174610666930675507e-02
5.849961547851562500e+02,1.213258039206266403e-02
5.847723999023437500e+02,1.217363774776458740e-02
5.845486450195312500e+02,1.206205040216445923e-02
5.843248901367187500e+02,1.204807776957750320e-02
5.841011352539062500e+02,1.190371904522180557e-02
5.838773803710937500e+02,1.149336248636245728e-02
5.836536254882812500e+02,1.148057822138071060e-02
5.834298706054687500e+02,1.185856014490127563e-02
5.832061157226562500e+02,1.202869601547718048e-02
5.829823608398437500e+02,1.210907194763422012e-02
5.827586059570312500e+02,1.093345414847135544e-02
5.825348510742187500e+02,1.057354174554347992e-02
5.823110961914062500e+02,1.146797556430101395e-02
5.820873413085937500e+02,1.144145242869853973e-02
5.818635864257812500e+02,1.187671255320310593e-02
5.816398315429687500e+02,1.212438195943832397e-02
5.814160766601562500e+02,1.204139832407236099e-02
5.811923217773437500e+02,1.245034020394086838e-02
5.809685668945312500e+02,1.230559684336185455e-02
5.807448120117187500e+02,1.138267014175653458e-02
5.805210571289062500e+02,1.150033995509147644e-02
5.802973022460937500e+02,1.198781933635473251e-02
5.800735473632812500e+02,1.181933563202619553e-02
5.798497924804687500e+02,1.187075022608041763e-02
5.796260375976562500e+02,1.193197909742593765e-02
5.794022827148437500e+02,1.168853510171175003e-02
5.791785278320312500e+02,1.174145564436912537e-02
5.789547729492187500e+02,1.247201859951019287e-02
5.787310180664062500e+02,1.282377913594245911e-02
5.785072021484375000e+02,1.170451007783412933e-02
5.782835083007812500e+02,1.178620848804712296e-02
5.780597534179687500e+02,1.206594705581665039e-02
5.778359375000000000e+02,1.182415056973695755e-02
5.776122436523437500e+02,1.177766639739274979e-02
5.773884277343750000e+02,1.209181454032659531e-02
5.771646728515625000e+02,1.213603373616933823e-02
5.769409790039062500e+02,1.214505452662706375e-02
5.767171630859375000e+02,1.219261344522237778e-02
5.764934082031250000e+02,1.216414943337440491e-02
5.762696533203125000e+02,1.220552250742912292e-02
5.760458984375000000e+02,1.227086596190929413e-02
5.758221435546875000e+02,1.214762125164270401e-02
5.755983886718750000e+02,1.210545375943183899e-02
5.753746337890625000e+02,1.236033439636230469e-02
5.751508789062500000e+02,1.253134477883577347e-02
5.749271240234375000e+02,1.232948247343301773e-02
5.747033691406250000e+02,1.202854048460721970e-02
5.744796142578125000e+02,1.223431807011365891e-02
5.742558593750000000e+02,1.303872466087341309e-02
5.740321044921875000e+02,1.325030997395515442e-02
5.738083496093750000e+02,1.287051849067211151e-02
5.735845947265625000e+02,1.329121831804513931e-02
5.733608398437500000e+02,1.251970976591110229e-02
5.731370849609375000e+02,1.212468370795249939e-02
5.729133300781250000e+02,1.228008791804313660e-02
5.726895751953125000e+02,1.249188743531703949e-02
5.724658203125000000e+02,1.269657816737890244e-02
5.722420654296875000e+02,1.295221224427223206e-02
5.720183105468750000e+02,1.323587354272603989e-02
5.717945556640625000e+02,1.438580825924873352e-02
5.715708007812500000e+02,1.465592253953218460e-02
5.713470458984375000e+02,1.362107414752244949e-02
5.711232910156250000e+02,1.356913056224584579e-02
5.708995361328125000e+02,1.344722788780927658e-02
5.706757812500000000e+02,1.316274236887693405e-02
5.704520263671875000e+02,1.334705483168363571e-02
5.702282714843750000e+02,1.249904464930295944e-02
5.700045166015625000e+02,1.260651275515556335e-02
5.697807617187500000e+02,1.241196691989898682e-02
5.695570068359375000e+02,1.250349171459674835e-02
5.693332519531250000e+02,1.221880689263343811e-02
5.691094970703125000e+02,1.167850196361541748e-02
5.688857421875000000e+02,1.291094813495874405e-02
5.686619873046875000e+02,1.376484986394643784e-02
5.684382324218750000e+02,1.380579639226198196e-02
5.682144775390625000e+02,1.266215927898883820e-02
5.679907226562500000e+02,1.446824986487627029e-02
5.677669677734375000e+02,1.822126843035221100e-02
5.675432128906250000e+02,1.493895053863525391e-02
5.673194580078125000e+02,1.197508722543716431e-02
5.670957031250000000e+02,1.218893751502037048e-02
5.668719482421875000e+02,1.261195354163646698e-02
5.666481933593750000e+02,1.298107579350471497e-02
5.664244384765625000e+02,1.397647242993116379e-02
5.662006835937500000e+02,1.318278256803750992e-02
5.659769287109375000e+02,1.241805125027894974e-02
5.657531738281250000e+02,1.242556050419807434e-02
5.655294189453125000e+02,1.243950054049491882e-02
5.653056640625000000e+02,1.253253780305385590e-02
5.650819091796875000e+02,1.276634261012077332e-02
5.648581542968750000e+02,1.298878621309995651e-02
5.646343994140625000e+02,1.314932759851217270e-02
5.644106445312500000e+02,1.325348298996686935e-02
5.641868896484375000e+02,1.309347804635763168e-02
5.639631347656250000e+02,1.435122266411781311e-02
5.637393798828125000e+02,1.469621807336807251e-02
5.635156250000000000e+02,1.376542728394269943e-02
5.632918701171875000e+02,1.291995774954557419e-02
5.630681152343750000e+02,1.255457848310470581e-02
5.628443603515625000e+02,1.252099033445119858e-02
5.626206054687500000e+02,1.238679606467485428e-02
5.623968505859375000e+02,1.271774899214506149e-02
5.621730957031250000e+02,1.302534993737936020e-02
5.619493408203125000e+02,1.365728210657835007e-02
5.617255859375000000e+02,1.387467235326766968e-02
5.615018310546875000e+02,1.404959149658679962e-02
5.612780761718750000e+02,1.339533179998397827e-02
5.610543212890625000e+02,1.312815397977828979e-02
5.608305053710937500e+02,1.280513126403093338e-02
5.606068115234375000e+02,1.293894369155168533e-02
5.603830566406250000e+02,1.284409500658512115e-02
5.601592407226562500e+02,1.267069950699806213e-02
5.599355468750000000e+02,1.303844992071390152e-02
5.597117309570312500e+02,1.392688043415546417e-02
5.594879760742187500e+02,1.383702363818883896e-02
5.592642822265625000e+02,1.352730020880699158e-02
5.590404663085937500e+02,1.338205579668283463e-02
5.588167114257812500e+02,1.337507553398609161e-02
5.585930175781250000e+02,1.412073895335197449e-02
5.583692016601562500e+02,1.361759658902883530e-02
5.581454467773437500e+02,1.359790470451116562e-02
5.579216918945312500e+02,1.403690129518508911e-02
5.576979370117187500e+02,1.393278781324625015e-02
5.574741821289062500e+02,1.379910763353109360e-02
5.572504272460937500e+02,1.386346668004989624e-02
5.570266723632812500e+02,1.298060454428195953e-02
5.568029174804687500e+02,1.301217637956142426e-02
5.565791625976562500e+02,1.254498213529586792e-02
5.563554077148437500e+02,1.325483620166778564e-02
5.561316528320312500e+02,1.427530497312545776e-02
5.559078979492187500e+02,1.242291647940874100e-02
5.556841430664062500e+02,1.245643850415945053e-02
5.554603881835937500e+02,1.293541770428419113e-02
5.552366333007812500e+02,1.281035412102937698e-02
5.550128784179687500e+02,1.291251834481954575e-02
5.547891235351562500e+02,1.355723664164543152e-02
5.545653686523437500e+02,1.333593018352985382e-02
5.543416137695312500e+02,1.351440511643886566e-02
5.541178588867187500e+02,1.258560921996831894e-02
5.538941040039062500e+02,1.313825696706771851e-02
5.536703491210937500e+02,1.450543105602264404e-02
5.534465942382812500e+02,1.411376148462295532e-02
5.532228393554687500e+02,1.298888120800256729e-02
5.529990844726562500e+02,1.312383543699979782e-02
5.527753295898437500e+02,1.341383531689643860e-02
5.525515747070312500e+02,1.285564061254262924e-02
5.523278198242187500e+02,1.278208475559949875e-02
5.521040649414062500e+02,1.278682984411716461e-02
5.518803100585937500e+02,1.307488698512315750e-02
5.516565551757812500e+02,1.333383005112409592e-02
5.514328002929687500e+02,1.248941291123628616e-02
5.512090454101562500e+02,1.293899491429328918e-02
5.509852905273437500e+02,1.319928281009197235e-02
5.507615356445312500e+02,1.291578635573387146e-02
5.505377807617187500e+02,1.300062611699104309e-02
5.503140258789062500e+02,1.254425849765539169e-02
5.500902709960937500e+02,1.305568590760231018e-02
5.498665161132812500e+02,1.328270696103572845e-02
5.496427612304687500e+02,1.255852170288562775e-02
5.494190063476562500e+02,1.257713418453931808e-02
5.491952514648437500e+02,1.358898077160120010e-02
5.489714965820312500e+02,1.423073932528495789e-02
5.487477416992187500e+02,1.334393583238124847e-02
5.485239868164062500e+02,1.236518472433090210e-02
5.483002319335937500e+02,1.255100220441818237e-02
5.480764770507812500e+02,1.240562740713357925e-02
5.478527221679687500e+02,1.343671511858701706e-02
5.476289672851562500e+02,1.511872839182615280e-02
5.474052124023437500e+02,1.470462419092655182e-02
5.471814575195312500e+02,1.450171880424022675e-02
5.469577026367187500e+02,1.429945975542068481e-02
5.467339477539062500e+02,1.372207514941692352e-02
5.465101928710937500e+02,1.365999691188335419e-02
5.462864379882812500e+02,1.329576410353183746e-02
5.460626831054687500e+02,1.364287920296192169e-02
5.458389282226562500e+02,1.339836418628692627e-02
5.456151733398437500e+02,1.343033649027347565e-02
5.453914184570312500e+02,1.365088764578104019e-02
5.451676635742187500e+02,1.377451606094837189e-02
5.449439086914062500e+02,1.385823916643857956e-02
5.447201538085937500e+02,1.446808781474828720e-02
5.444963989257812500e+02,1.381683629006147385e-02
5.442726440429687500e+02,1.408658083528280258e-02
5.440488891601562500e+02,1.503984816372394562e-02
5.438251342773437500e+02,1.482481230050325394e-02
5.436013793945312500e+02,1.422483380883932114e-02
5.433776245117187500e+02,1.419777050614356995e-02
5.431538696289062500e+02,1.400234084576368332e-02
5.429301147460937500e+02,1.449669711291790009e-02
5.427063598632812500e+02,1.576618105173110962e-02
5.424825439453125000e+02,1.589652709662914276e-02
5.422588500976562500e+02,1.609263382852077484e-02
5.420350952148437500e+02,1.731657050549983978e-02
5.418112792968750000e+02,2.088347822427749634e-02
5.415875854492187500e+02,2.425552159547805786e-02
5.413637695312500000e+02,2.467005513608455658e-02
5.411400146484375000e+02,2.467414550483226776e-02
5.409163208007812500e+02,2.446494810283184052e-02
5.406925048828125000e+02,2.285438030958175659e-02
5.404687500000000000e+02,2.412542514503002167e-02
5.402449951171875000e+02,2.570182085037231445e-02
5.400212402343750000e+02,2.270093187689781189e-02
5.397974853515625000e+02,1.883020251989364624e-02
5.395737304687500000e+02,1.689646020531654358e-02
5.393499755859375000e+02,1.599158346652984619e-02
5.391262207031250000e+02,1.649519428610801697e-02
5.389024658203125000e+02,1.638984121382236481e-02
5.386787109375000000e+02,1.604598760604858398e-02
5.384549560546875000e+02,1.565417088568210602e-02
5.382312011718750000e+02,1.561315264552831650e-02
5.380074462890625000e+02,1.614890433847904205e-02
5.377836914062500000e+02,1.556002348661422729e-02
5.375599365234375000e+02,1.497097685933113098e-02
5.373361816406250000e+02,1.489259768277406693e-02
5.371124267578125000e+02,1.442508772015571594e-02
5.368886718750000000e+02,1.447823829948902130e-02
5.366649169921875000e+02,1.527496054768562317e-02
5.364411621093750000e+02,1.568925008177757263e-02
5.362174072265625000e+02,1.588600128889083862e-02
5.359936523437500000e+02,1.638973876833915710e-02
5.357698974609375000e+02,1.655168086290359497e-02
5.355461425781250000e+02,1.651343330740928650e-02
5.353223876953125000e+02,1.644574664533138275e-02
5.350986328125000000e+02,1.602142676711082458e-02
5.348748779296875000e+02,1.527215819805860519e-02
5.346511230468750000e+02,1.537317689508199692e-02
5.344273681640625000e+02,1.547432690858840942e-02
5.342036132812500000e+02,1.593494042754173279e-02
5.339798583984375000e+02,1.619244366884231567e-02
5.337561035156250000e+02,1.505739334970712662e-02
5.335323486328125000e+02,1.562745682895183563e-02
5.333085937500000000e+02,1.637934334576129913e-02
5.330848388671875000e+02,1.643062010407447815e-02
5.328610839843750000e+02,1.641439460217952728e-02
5.326373291015625000e+02,1.617511920630931854e-02
5.324135742187500000e+02,1.587612926959991455e-02
5.321898193359375000e+02,1.571211405098438263e-02
5.319660644531250000e+02,1.575320586562156677e-02
5.317423095703125000e+02,1.662177033722400665e-02
5.315185546875000000e+02,1.662353985011577606e-02
5.312947998046875000e+02,1.639736443758010864e-02
5.310710449218750000e+02,1.660456135869026184e-02
5.308472900390625000e+02,1.692493818700313568e-02
5.306235351562500000e+02,1.705739460885524750e-02
5.303997802734375000e+02,1.612335257232189178e-02
5.301760253906250000e+02,1.624655723571777344e-02
5.299522705078125000e+02,1.732934452593326569e-02
5.297285156250000000e+02,1.807072199881076813e-02
5.295047607421875000e+02,1.882001757621765137e-02
5.292810058593750000e+02,1.880529709160327911e-02
5.290572509765625000e+02,1.925560459494590759e-02
5.288334960937500000e+02,1.977052167057991028e-02
5.286097412109375000e+02,1.948644407093524933e-02
5.283859863281250000e+02,1.993058249354362488e-02
5.281622314453125000e+02,2.047846093773841858e-02
5.279384765625000000e+02,2.005408145487308502e-02
5.277147216796875000e+02,1.854322105646133423e-02
5.274909667968750000e+02,1.700656302273273468e-02
5.272672119140625000e+02,1.658336073160171509e-02
5.270434570312500000e+02,1.684241369366645813e-02
5.268197021484375000e+02,1.672947779297828674e-02
5.265959472656250000e+02,1.740119606256484985e-02
5.263721923828125000e+02,1.782605051994323730e-02
5.261484375000000000e+02,1.742366142570972443e-02
5.259246826171875000e+02,1.738236844539642334e-02
5.257009277343750000e+02,1.786468550562858582e-02
5.254771728515625000e+02,1.842974498867988586e-02
5.252534179687500000e+02,1.802595891058444977e-02
5.250296630859375000e+02,1.735112816095352173e-02
5.248058471679687500e+02,1.721413247287273407e-02
5.245821533203125000e+02,1.724242977797985077e-02
5.243583984375000000e+02,1.730267144739627838e-02
5.241345825195312500e+02,1.718107797205448151e-02
5.239108886718750000e+02,1.718078739941120148e-02
5.236870727539062500e+02,1.735677197575569153e-02
5.234633178710937500e+02,1.740906760096549988e-02
5.232396240234375000e+02,1.730344258248806000e-02
5.230158081054687500e+02,1.761742681264877319e-02
5.227920532226562500e+02,1.998660527169704437e-02
5.225683593750000000e+02,2.161508984863758087e-02
5.223445434570312500e+02,1.921343989670276642e-02
5.221207885742187500e+02,1.837109029293060303e-02
5.218970336914062500e+02,1.876663230359554291e-02
5.216732788085937500e+02,1.759950816631317139e-02
5.214495239257812500e+02,1.750004850327968597e-02
5.212257690429687500e+02,1.767125725746154785e-02
5.210020141601562500e+02,1.828506402671337128e-02
5.207782592773437500e+02,1.896015927195549011e-02
5.205545043945312500e+02,1.792426221072673798e-02
5.203307495117187500e+02,1.696929894387722015e-02
5.201069946289062500e+02,1.723699457943439484e-02
5.198832397460937500e+02,1.866642385721206665e-02
5.196594848632812500e+02,2.040426991879940033e-02
5.194357299804687500e+02,1.984213665127754211e-02
5.192119750976562500e+02,1.853024959564208984e-02
5.189882202148437500e+02,1.853300072252750397e-02
5.187644653320312500e+02,1.853355392813682556e-02
5.185407104492187500e+02,1.801581867039203644e-02
5.183169555664062500e+02,1.844878867268562317e-02
5.180932006835937500e+02,1.928589493036270142e-02
5.178694458007812500e+02,1.898802444338798523e-02
5.176456909179687500e+02,1.892979629337787628e-02
5.174219360351562500e+02,2.010559476912021637e-02
5.171981811523437500e+02,2.061133831739425659e-02
5.169744262695312500e+02,2.000109106302261353e-02
5.167506713867187500e+02,2.030540816485881805e-02
5.165269165039062500e+02,2.106595225632190704e-02
5.163031616210937500e+02,2.102348953485488892e-02
5.160794067382812500e+02,2.146845869719982147e-02
5.158556518554687500e+02,2.149361930787563324e-02
5.156318969726562500e+02,2.002128399908542633e-02
5.154081420898437500e+02,1.955993473529815674e-02
5.151843872070312500e+02,2.013954892754554749e-02
5.149606323242187500e+02,2.089337818324565887e-02
5.147368774414062500e+02,2.114071696996688843e-02
5.145131225585937500e+02,2.017983980476856232e-02
5.142893676757812500e+02,1.938619092106819153e-02
5.140656127929687500e+02,1.943194121122360229e-02
5.138418579101562500e+02,1.952597685158252716e-02
5.136181030273437500e+02,1.984247379004955292e-02
5.133943481445312500e+02,2.067839726805686951e-02
5.131705932617187500e+02,2.156285382807254791e-02
5.129468383789062500e+02,2.199629321694374084e-02
5.127230834960937500e+02,2.175207808613777161e-02
5.124993286132812500e+02,2.121547795832157135e-02
5.122755737304687500e+02,2.104873955249786377e-02
5.120518188476562500e+02,2.114252932369709015e-02
5.118280639648437500e+02,2.102101594209671021e-02
5.116043090820312500e+02,2.162399701774120331e-02
5.113805541992187500e+02,2.283604070544242859e-02
5.111567993164062500e+02,2.243673056364059448e-02
5.109330444335937500e+02,2.101743780076503754e-02
5.107092895507812500e+02,2.224851958453655243e-02
5.104855041503906250e+02,2.363192848861217499e-02
5.102617797851562500e+02,2.292691171169281006e-02
5.100380249023437500e+02,2.243770286440849304e-02
5.098142395019531250e+02,2.196257933974266052e-02
5.095905151367187500e+02,2.187651023268699646e-02
5.093667297363281250e+02,2.237680740654468536e-02
5.091429748535156250e+02,2.237705886363983154e-02
5.089192504882812500e+02,2.229612134397029877e-02
5.086954650878906250e+02,2.247332595288753510e-02
5.084717102050781250e+02,2.248530276119709015e-02
5.082479553222656250e+02,2.214868925511837006e-02
5.080242004394531250e+02,2.212211489677429199e-02
5.078004455566406250e+02,2.283773571252822876e-02
5.075766906738281250e+02,2.404946461319923401e-02
5.073529357910156250e+02,2.407954260706901550e-02
5.071291809082031250e+02,2.284491062164306641e-02
5.069054260253906250e+02,2.215108275413513184e-02
5.066816711425781250e+02,2.300621569156646729e-02
5.064579162597656250e+02,2.423402667045593262e-02
5.062341613769531250e+02,2.497794851660728455e-02
5.060104064941406250e+02,2.523779310286045074e-02
5.057866516113281250e+02,2.553909458220005035e-02
5.055628967285156250e+02,2.474009059369564056e-02
5.053391418457031250e+02,2.313166856765747070e-02
5.051153869628906250e+02,2.393743768334388733e-02
5.048916320800781250e+02,2.508888021111488342e-02
5.046678771972656250e+02,2.536199986934661865e-02
5.044441223144531250e+02,2.571533247828483582e-02
5.042203674316406250e+02,2.566828764975070953e-02
5.039966125488281250e+02,2.525166049599647522e-02
5.037728576660156250e+02,2.542783319950103760e-02
5.035491027832031250e+02,2.606006339192390442e-02
5.033253479003906250e+02,2.613727003335952759e-02
5.031015930175781250e+02,2.672669477760791779e-02
5.028778381347656250e+02,2.652699686586856842e-02
5.026540832519531250e+02,2.586958557367324829e-02
5.024303283691406250e+02,2.654679119586944580e-02
5.022065734863281250e+02,2.640737593173980713e-02
5.019828186035156250e+02,2.645358443260192871e-02
5.017590637207031250e+02,2.752503752708435059e-02
5.015353088378906250e+02,2.870015241205692291e-02
5.013115234375000000e+02,2.941668592393398285e-02
5.010877990722656250e+02,2.946765162050724030e-02
5.008640441894531250e+02,2.947715669870376587e-02
5.006402587890625000e+02,2.955682575702667236e-02
5.004165344238281250e+02,2.963010780513286591e-02
5.001927490234375000e+02,2.936730533838272095e-02
4.999689941406250000e+02,2.969212085008621216e-02
4.997452697753906250e+02,3.009003400802612305e-02
4.995214843750000000e+02,3.029751591384410858e-02
4.992977294921875000e+02,3.046318888664245605e-02
4.990739746093750000e+02,3.105443529784679413e-02
4.988502197265625000e+02,3.121883422136306763e-02
4.986264648437500000e+02,3.053027205169200897e-02
4.984027099609375000e+02,3.128375113010406494e-02
4.981789550781250000e+02,3.203077614307403564e-02
4.979552001953125000e+02,3.265144675970077515e-02
4.977314453125000000e+02,3.365576267242431641e-02
4.975076904296875000e+02,3.299296274781227112e-02
4.972839355468750000e+02,3.281877189874649048e-02
4.970601806640625000e+02,3.379302471876144409e-02
4.968364257812500000e+02,3.327244892716407776e-02
4.966126708984375000e+02,3.437407314777374268e-02
4.963889160156250000e+02,3.631941974163055420e-02
4.961651611328125000e+02,3.566056489944458008e-02
4.959414062500000000e+02,3.531612083315849304e-02
4.957176513671875000e+02,3.689698129892349243e-02
4.954938964843750000e+02,3.785505145788192749e-02
4.952701416015625000e+02,3.676018118858337402e-02
4.950463867187500000e+02,3.617291525006294250e-02
4.948226318359375000e+02,3.686490282416343689e-02
4.945988769531250000e+02,3.726397082209587097e-02
4.943751220703125000e+02,3.657346591353416443e-02
4.941513671875000000e+02,3.634149581193923950e-02
4.939275817871093750e+02,3.801469877362251282e-02
4.937038574218750000e+02,3.994075208902359009e-02
4.934801025390625000e+02,4.188240692019462585e-02
4.932563476562500000e+02,4.293602332472801208e-02
4.930325927734375000e+02,4.359449446201324463e-02
4.928088378906250000e+02,4.465952888131141663e-02
4.925850830078125000e+02,4.558664932847023010e-02
4.923613281250000000e+02,4.648457467555999756e-02
4.921375427246093750e+02,4.776454344391822815e-02
4.919138183593750000e+02,4.844854027032852173e-02
4.916900634765625000e+02,4.862942919135093689e-02
4.914662780761718750e+02,5.057042837142944336e-02
4.912425537109375000e+02,5.426952242851257324e-02
4.910187683105468750e+02,5.765292420983314514e-02
4.907950134277343750e+02,6.092353910207748413e-02
4.905712890625000000e+02,6.216865405440330505e-02
4.903475036621093750e+02,6.492840498685836792e-02
4.901237487792968750e+02,6.985587626695632935e-02
4.898999938964843750e+02,7.527832686901092529e-02
4.896762390136718750e+02,8.264216035604476929e-02
4.894524841308593750e+02,1.027006208896636963e-01
4.892287292480468750e+02,1.344007849693298340e-01
4.890049743652343750e+02,1.760516911745071411e-01
4.887812194824218750e+02,2.329079657793045044e-01
4.885574645996093750e+02,3.571439087390899658e-01
4.883337097167968750e+02,5.906282663345336914e-01
4.881099548339843750e+02,8.087561130523681641e-01
4.878861999511718750e+02,9.117606282234191895e-01
4.876624450683593750e+02,9.352911710739135742e-01
4.874386901855468750e+02,9.429540634155273438e-01
4.872149353027343750e+02,9.493539929389953613e-01
4.869911804199218750e+02,9.480262398719787598e-01
4.867674255371093750e+02,9.469356536865234375e-01
4.865436706542968750e+02,9.169273972511291504e-01
4.863199157714843750e+02,8.416935801506042480e-01
4.860961608886718750e+02,6.734674572944641113e-01
4.858724060058593750e+02,4.637157618999481201e-01
4.856486511230468750e+02,3.066876828670501709e-01
4.854248962402343750e+02,1.889355331659317017e-01
4.852011413574218750e+02,1.252750605344772339e-01
4.849773864746093750e+02,9.725885838270187378e-02
4.847536010742187500e+02,7.770191878080368042e-02
4.845298767089843750e+02,6.836955249309539795e-02
4.843061218261718750e+02,6.420072913169860840e-02
4.840823364257812500e+02,6.277627497911453247e-02
4.838586120605468750e+02,6.004422530531883240e-02
4.836348266601562500e+02,5.153461173176765442e-02
4.834110717773437500e+02,4.459021985530853271e-02
4.831873474121093750e+02,4.245893657207489014e-02
4.829635620117187500e+02,4.112573340535163879e-02
4.827398376464843750e+02,4.012024030089378357e-02
4.825160827636718750e+02,3.908519074320793152e-02
4.822923278808593750e+02,3.607277199625968933e-02
4.820685424804687500e+02,3.400620445609092712e-02
4.818447875976562500e+02,3.452505916357040405e-02
4.816210327148437500e+02,3.473783656954765320e-02
4.813973083496093750e+02,3.474402055144309998e-02
4.811735534667968750e+02,3.494385629892349243e-02
4.809497680664062500e+02,3.390511125326156616e-02
4.807260131835937500e+02,3.245086222887039185e-02
4.805022583007812500e+02,3.186751529574394226e-02
4.802785034179687500e+02,3.223627433180809021e-02
4.800547790527343750e+02,3.215696662664413452e-02
4.798309936523437500e+02,3.091230615973472595e-02
4.796072387695312500e+02,3.087539039552211761e-02
4.793834838867187500e+02,3.118389658629894257e-02
4.791597290039062500e+02,3.114026039838790894e-02
4.789359741210937500e+02,3.155172988772392273e-02
4.787122192382812500e+02,3.160379454493522644e-02
4.784884643554687500e+02,3.209625184535980225e-02
4.782647094726562500e+02,3.231552615761756897e-02
4.780409545898437500e+02,3.103552572429180145e-02
4.778171997070312500e+02,3.073130734264850616e-02
4.775934143066406250e+02,3.197212144732475281e-02
4.773696899414062500e+02,3.277520835399627686e-02
4.771459350585937500e+02,3.259144723415374756e-02
4.769221801757812500e+02,3.095084242522716522e-02
4.766984252929687500e+02,3.003733791410923004e-02
4.764746398925781250e+02,3.029648773372173309e-02
4.762508850097656250e+02,3.034316748380661011e-02
4.760271606445312500e+02,3.100809268653392792e-02
4.758034057617187500e+02,3.252400085330009460e-02
4.755796508789062500e+02,3.358786925673484802e-02
4.753558654785156250e+02,3.318075463175773621e-02
4.751321105957031250e+02,3.332952037453651428e-02
4.749083557128906250e+02,3.425997495651245117e-02
4.746846313476562500e+02,3.468205407261848450e-02
4.744608764648437500e+02,3.606690466403961182e-02
4.742371215820312500e+02,3.990096226334571838e-02
4.740133361816406250e+02,4.379511624574661255e-02
4.737895812988281250e+02,4.902519658207893372e-02
4.735658264160156250e+02,5.320074036717414856e-02
4.733421020507812500e+02,6.963829696178436279e-02
4.731183471679687500e+02,8.641849458217620850e-02
4.728945617675781250e+02,1.119734421372413635e-01
4.726708068847656250e+02,1.507270932197570801e-01
4.724470520019531250e+02,2.470698058605194092e-01
4.722233276367187500e+02,4.316951930522918701e-01
4.719995727539062500e+02,6.389827132225036621e-01
4.717757873535156250e+02,8.226887583732604980e-01
4.715520324707031250e+02,9.159649014472961426e-01
4.713282775878906250e+02,9.196595549583435059e-01
4.711045227050781250e+02,8.083623051643371582e-01
4.708807983398437500e+02,5.539358258247375488e-01
4.706570129394531250e+02,3.393081426620483398e-01
4.704332580566406250e+02,2.254813015460968018e-01
4.702095031738281250e+02,1.392704993486404419e-01
4.699857482910156250e+02,9.339729696512222290e-02
4.697619934082031250e+02,6.827560812234878540e-02
4.695382385253906250e+02,5.347950756549835205e-02
4.693144836425781250e+02,4.593038558959960938e-02
4.690907287597656250e+02,4.020019620656967163e-02
4.688669738769531250e+02,3.429483249783515930e-02
4.686432189941406250e+02,3.111007809638977051e-02
4.684194335937500000e+02,3.039500117301940918e-02
4.681957092285156250e+02,3.103878349065780640e-02
4.679719543457031250e+02,3.003435954451560974e-02
4.677481994628906250e+02,2.880591899156570435e-02
4.675244445800781250e+02,2.672094479203224182e-02
4.673006591796875000e+02,2.598294243216514587e-02
4.670769042968750000e+02,2.619118615984916687e-02
4.668531799316406250e+02,2.591448836028575897e-02
4.666294250488281250e+02,2.508995495736598969e-02
4.664056701660156250e+02,2.429077029228210449e-02
4.661818847656250000e+02,2.460954897105693817e-02
4.659581298828125000e+02,2.557524852454662323e-02
4.657343750000000000e+02,2.703420445322990417e-02
4.655106506347656250e+02,2.877531386911869049e-02
4.652868957519531250e+02,3.385137021541595459e-02
4.650631103515625000e+02,3.827081993222236633e-02
4.648393554687500000e+02,4.887888953089714050e-02
4.646156005859375000e+02,6.069722771644592285e-02
4.643918457031250000e+02,1.137118339538574219e-01
4.641681213378906250e+02,1.703427135944366455e-01
4.639443664550781250e+02,2.331512272357940674e-01
4.637205810546875000e+02,3.292006552219390869e-01
4.634968261718750000e+02,3.744749724864959717e-01
4.632730712890625000e+02,3.246232569217681885e-01
4.630493164062500000e+02,2.430199533700942993e-01
4.628255920410156250e+02,1.694505959749221802e-01
4.626018066406250000e+02,9.357737004756927490e-02
4.623780517578125000e+02,5.669458582997322083e-02
4.621542968750000000e+02,3.966867923736572266e-02
4.619305419921875000e+02,3.146305307745933533e-02
4.617068176269531250e+02,2.782252058386802673e-02
4.614830322265625000e+02,2.552489936351776123e-02
4.612592773437500000e+02,2.266207709908485413e-02
4.610355224609375000e+02,2.067689038813114166e-02
4.608117675781250000e+02,2.125286497175693512e-02
4.605880126953125000e+02,2.070134319365024567e-02
4.603642578125000000e+02,1.920318603515625000e-02
4.601405029296875000e+02,1.859220117330551147e-02
4.599167480468750000e+02,1.746714860200881958e-02
4.596929931640625000e+02,1.696546934545040131e-02
4.594692382812500000e+02,1.657102629542350769e-02
4.592454528808593750e+02,1.524690259248018265e-02
4.590217285156250000e+02,1.452014129608869553e-02
4.587979736328125000e+02,1.524001918733119965e-02
4.585742187500000000e+02,1.567293331027030945e-02
4.583504638671875000e+02,1.587649062275886536e-02
4.581266784667968750e+02,1.485796738415956497e-02
4.579029235839843750e+02,1.405653636902570724e-02
4.576791992187500000e+02,1.402614917606115341e-02
4.574554443359375000e+02,1.493485737591981888e-02
4.572316894531250000e+02,1.463164016604423523e-02
4.570079040527343750e+02,1.391032151877880096e-02
4.567841491699218750e+02,1.383855845779180527e-02
4.565603942871093750e+02,1.424827147275209427e-02
4.563366699218750000e+02,1.416800636798143387e-02
4.561129150390625000e+02,1.404208969324827194e-02
4.558891296386718750e+02,1.381041575223207474e-02
4.556653747558593750e+02,1.377671118825674057e-02
4.554416198730468750e+02,1.408173982053995132e-02
4.552178649902343750e+02,1.395167782902717590e-02
4.549941406250000000e+02,1.355510018765926361e-02
4.547703552246093750e+02,1.342383679002523422e-02
4.545466003417968750e+02,1.338085997849702835e-02
4.543228454589843750e+02,1.334936916828155518e-02
4.540990905761718750e+02,1.394525263458490372e-02
4.538753356933593750e+02,1.452853064984083176e-02
4.536516113281250000e+02,1.490229740738868713e-02
4.534278259277343750e+02,1.492691040039062500e-02
4.532040710449218750e+02,1.398014463484287262e-02
4.529803161621093750e+02,1.349033880978822708e-02
4.527565612792968750e+02,1.389355119317770004e-02
4.525328063964843750e+02,1.441228296607732773e-02
4.523090515136718750e+02,1.401950977742671967e-02
4.520852966308593750e+02,1.361685246229171753e-02
4.518615417480468750e+02,1.303401496261358261e-02
4.516377868652343750e+02,1.296354271471500397e-02
4.514140319824218750e+02,1.309564150869846344e-02
4.511902770996093750e+02,1.295879948884248734e-02
4.509665222167968750e+02,1.210817974060773849e-02
4.507427673339843750e+02,1.175774727016687393e-02
4.505190124511718750e+02,1.262009795755147934e-02
4.502952575683593750e+02,1.304593868553638458e-02
4.500714721679687500e+02,1.271239109337329865e-02
4.498477478027343750e+02,1.251030433923006058e-02
4.496239929199218750e+02,1.284440793097019196e-02
4.494002380371093750e+02,1.257454697042703629e-02
4.491764831542968750e+02,1.230982504785060883e-02
4.489526977539062500e+02,1.150371227413415909e-02
4.487289428710937500e+02,1.098403614014387131e-02
4.485052185058593750e+02,1.158886775374412537e-02
4.482814636230468750e+02,1.269712485373020172e-02
4.480577087402343750e+02,1.283598784357309341e-02
4.478339233398437500e+02,1.245231647044420242e-02
4.476101684570312500e+02,1.253992971032857895e-02
4.473864135742187500e+02,1.177110522985458374e-02
4.471626892089843750e+02,1.169182267040014267e-02
4.469389343261718750e+02,1.273279171437025070e-02
4.467151489257812500e+02,1.126951444894075394e-02
4.464913940429687500e+02,1.036423724144697189e-02
4.462676391601562500e+02,1.071675401180982590e-02
4.460438842773437500e+02,9.259383194148540497e-03
4.458201599121093750e+02,8.950693532824516296e-03
4.455963745117187500e+02,1.110801752656698227e-02
4.453726196289062500e+02,1.201197598129510880e-02
4.451488647460937500e+02,1.124888099730014801e-02
4.449251098632812500e+02,1.073279697448015213e-02
4.447013549804687500e+02,1.107202190905809402e-02
4.444776000976562500e+02,1.145726349204778671e-02
4.442538452148437500e+02,1.038085576146841049e-02
4.440300903320312500e+02,9.266978129744529724e-03
4.438063354492187500e+02,1.045248284935951233e-02
4.435825805664062500e+02,1.091100182384252548e-02
4.433588256835937500e+02,1.074402499943971634e-02
4.431350708007812500e+02,1.097836531698703766e-02
4.429113159179687500e+02,1.102682389318943024e-02
4.426875610351562500e+02,1.171168033033609390e-02
4.424638061523437500e+02,1.103221904486417770e-02
4.422400512695312500e+02,1.047295704483985901e-02
4.420162963867187500e+02,1.085609849542379379e-02
4.417925415039062500e+02,1.052685920149087906e-02
4.415687866210937500e+02,9.483544155955314636e-03
4.413450317382812500e+02,9.963095188140869141e-03
4.411212768554687500e+02,1.034861989319324493e-02
4.408974914550781250e+02,9.148033335804939270e-03
4.406737670898437500e+02,8.369237184524536133e-03
4.404500122070312500e+02,8.764361031353473663e-03
4.402262573242187500e+02,9.352818131446838379e-03
4.400025024414062500e+02,1.031199935823678970e-02
4.397787170410156250e+02,1.089492347091436386e-02
4.395549621582031250e+02,1.086755469441413879e-02
4.393312377929687500e+02,1.153092738240957260e-02
4.391074829101562500e+02,1.231348328292369843e-02
4.388837280273437500e+02,1.148653496056795120e-02
4.386599426269531250e+02,1.023054216057062149e-02
4.384361877441406250e+02,9.832177311182022095e-03
4.382124328613281250e+02,9.051631204783916473e-03
4.379887084960937500e+02,8.844108320772647858e-03
4.377649536132812500e+02,9.574050083756446838e-03
4.375411682128906250e+02,9.960365481674671173e-03
4.373174133300781250e+02,1.174824591726064682e-02
4.370936584472656250e+02,1.171186193823814392e-02
4.368699035644531250e+02,1.150329597294330597e-02
4.366461791992187500e+02,1.200262829661369324e-02
4.364223937988281250e+02,1.026187185198068619e-02
4.361986389160156250e+02,9.621852077543735504e-03
4.359748840332031250e+02,1.028396561741828918e-02
4.357511291503906250e+02,1.089798193424940109e-02
4.355273742675781250e+02,9.998891502618789673e-03
4.353036193847656250e+02,9.411545470356941223e-03
4.350798645019531250e+02,1.036051660776138306e-02
4.348561096191406250e+02,1.054017990827560425e-02
4.346323547363281250e+02,1.065025385469198227e-02
4.344085998535156250e+02,1.010501105338335037e-02
4.341848449707031250e+02,1.047459244728088379e-02
4.339610900878906250e+02,9.384174831211566925e-03
4.337373352050781250e+02,8.707141503691673279e-03
4.335135803222656250e+02,9.992977604269981384e-03
4.332898254394531250e+02,9.823771193623542786e-03
4.330660705566406250e+02,9.268024936318397522e-03
4.328423156738281250e+02,9.396623820066452026e-03
4.326185607910156250e+02,8.964898996055126190e-03
4.323948059082031250e+02,9.705721400678157806e-03
4.321710510253906250e+02,9.944557212293148041e-03
4.319472961425781250e+02,9.631026536226272583e-03
4.317235107421875000e+02,1.098051667213439941e-02
4.314997863769531250e+02,1.081004273146390915e-02
4.312760314941406250e+02,1.061143912374973297e-02
4.310522766113281250e+02,1.006455440074205399e-02
4.308285217285156250e+02,9.839287959039211273e-03
4.306047363281250000e+02,9.503570385277271271e-03
4.303809814453125000e+02,9.409689344465732574e-03
4.301572570800781250e+02,9.137248620390892029e-03
4.299335021972656250e+02,9.089097380638122559e-03
4.297097473144531250e+02,9.169390425086021423e-03
4.294859619140625000e+02,9.295981377363204956e-03
4.292622070312500000e+02,9.059365838766098022e-03
4.290384521484375000e+02,9.417512454092502594e-03
4.288147277832031250e+02,9.795028716325759888e-03
4.285909729003906250e+02,9.762297384440898895e-03
4.283671875000000000e+02,9.519389830529689789e-03
4.281434326171875000e+02,9.296447969973087311e-03
4.279196777343750000e+02,1.021028496325016022e-02
4.276959228515625000e+02,9.642497636377811432e-03
4.274721984863281250e+02,9.229778312146663666e-03
4.272484130859375000e+02,8.720949292182922363e-03
4.270246582031250000e+02,8.415404707193374634e-03
4.268009033203125000e+02,8.878564462065696716e-03
4.265771484375000000e+02,9.094428271055221558e-03
4.263533935546875000e+02,8.642409928143024445e-03
4.261296386718750000e+02,8.513242006301879883e-03
4.259058837890625000e+02,9.506761096417903900e-03
4.256821289062500000e+02,1.021636649966239929e-02
4.254583740234375000e+02,1.038089580833911896e-02
4.252346191406250000e+02,9.751399047672748566e-03
4.250108642578125000e+02,9.342431090772151947e-03
4.247871093750000000e+02,9.496666491031646729e-03
4.245633544921875000e+02,9.266182780265808105e-03
4.243395996093750000e+02,9.507585316896438599e-03
4.241158447265625000e+02,1.010324526578187943e-02
4.238920593261718750e+02,9.336531162261962891e-03
4.236683349609375000e+02,9.461148642003536224e-03
4.234445800781250000e+02,9.646499529480934143e-03
4.232208251953125000e+02,1.046964153647422791e-02
4.229970703125000000e+02,9.165762923657894135e-03
4.227733154296875000e+02,8.720625191926956177e-03
4.225495300292968750e+02,8.478724397718906403e-03
4.223258056640625000e+02,8.852337487041950226e-03
4.221020507812500000e+02,9.256500750780105591e-03
4.218782958984375000e+02,9.131821803748607635e-03
4.216545410156250000e+02,9.201207198202610016e-03
4.214307556152343750e+02,9.146393276751041412e-03
4.212070007324218750e+02,8.234255015850067139e-03
4.209832763671875000e+02,8.540328592061996460e-03
4.207595214843750000e+02,8.302710950374603271e-03
4.205357666015625000e+02,8.231749758124351501e-03
4.203119812011718750e+02,8.693837560713291168e-03
4.200882263183593750e+02,8.531021885573863983e-03
4.198644714355468750e+02,8.178088814020156860e-03
4.196407470703125000e+02,8.370490744709968567e-03
4.194169921875000000e+02,9.123411029577255249e-03
4.191932067871093750e+02,9.386177174746990204e-03
4.189694519042968750e+02,9.019381366670131683e-03
4.187456970214843750e+02,8.595600724220275879e-03
4.185219421386718750e+02,9.190735407173633575e-03
4.182982177734375000e+02,9.767699055373668671e-03
4.180744323730468750e+02,9.445059113204479218e-03
4.178506774902343750e+02,8.805037476122379303e-03
4.176269226074218750e+02,8.461851626634597778e-03
4.174031677246093750e+02,8.458817377686500549e-03
4.171794128417968750e+02,8.341629058122634888e-03
4.169556579589843750e+02,8.924942463636398315e-03
4.167319030761718750e+02,8.943403139710426331e-03
4.165081481933593750e+02,8.365777321159839630e-03
4.162843933105468750e+02,8.361722342669963837e-03
4.160606384277343750e+02,8.477353490889072418e-03
4.158368835449218750e+02,9.354406967759132385e-03
4.156131286621093750e+02,9.226905182003974915e-03
4.153893737792968750e+02,9.204841218888759613e-03
4.151656188964843750e+02,8.764482103288173676e-03
4.149418640136718750e+02,8.684204891324043274e-03
4.147180786132812500e+02,8.613144978880882263e-03
4.144943542480468750e+02,7.946766912937164307e-03
4.142705993652343750e+02,8.342056535184383392e-03
4.140468444824218750e+02,8.247357793152332306e-03
4.138230895996093750e+02,8.466036990284919739e-03
4.135993347167968750e+02,9.123333729803562164e-03
4.133755493164062500e+02,8.870267309248447418e-03
4.131518249511718750e+02,7.820934057235717773e-03
4.129280700683593750e+02,8.733555674552917480e-03
4.127043151855468750e+02,8.866177871823310852e-03
4.124805603027343750e+02,8.752937428653240204e-03
4.122567749023437500e+02,8.621787652373313904e-03
4.120330200195312500e+02,8.524646982550621033e-03
4.118092956542968750e+02,8.568271994590759277e-03
4.115855407714843750e+02,8.541447110474109650e-03
4.113617858886718750e+02,8.199320174753665924e-03
4.111380004882812500e+02,8.703440427780151367e-03
4.109142456054687500e+02,9.194991551339626312e-03
4.106904907226562500e+02,9.452939033508300781e-03
4.104667663574218750e+02,8.641389198601245880e-03
4.102430114746093750e+02,8.416266180574893951e-03
4.100192260742187500e+02,8.294184692203998566e-03
4.097954711914062500e+02,9.278078563511371613e-03
4.095717163085937500e+02,8.722610771656036377e-03
4.093479614257812500e+02,8.676972240209579468e-03
4.091242370605468750e+02,8.308879099786281586e-03
4.089004516601562500e+02,8.900705724954605103e-03
4.086766967773437500e+02,9.395424276590347290e-03
4.084529418945312500e+02,8.721324615180492401e-03
4.082291870117187500e+02,8.661781437695026398e-03
4.080054321289062500e+02,8.673862554132938385e-03
4.077816772460937500e+02,8.722365833818912506e-03
4.075579223632812500e+02,9.106920100748538971e-03
4.073341674804687500e+02,8.626778610050678253e-03
4.071104125976562500e+02,8.615606464445590973e-03
4.068866577148437500e+02,8.671656250953674316e-03
4.066629028320312500e+02,8.723706938326358795e-03
4.064391479492187500e+02,9.301698766648769379e-03
4.062153930664062500e+02,8.749994449317455292e-03
4.059916381835937500e+02,8.332974277436733246e-03
4.057678833007812500e+02,9.018243290483951569e-03
4.055440979003906250e+02,8.864222094416618347e-03
4.053203735351562500e+02,8.699127472937107086e-03
4.050966186523437500e+02,8.682377636432647705e-03
4.048728637695312500e+02,8.616527542471885681e-03
4.046491088867187500e+02,7.812418509274721146e-03
4.044253234863281250e+02,7.738587912172079086e-03
4.042015686035156250e+02,8.121400140225887299e-03
4.039778442382812500e+02,8.085357025265693665e-03
4.037540893554687500e+02,8.380213752388954163e-03
4.035303344726562500e+02,8.263058960437774658e-03
4.033065795898437500e+02,8.201982825994491577e-03
4.030827941894531250e+02,1.064110267907381058e-02
4.028590393066406250e+02,9.012938477098941803e-03
4.026353149414062500e+02,8.614578284323215485e-03
4.024115600585937500e+02,8.783713914453983307e-03
4.021878051757812500e+02,8.916716091334819794e-03
4.019640197753906250e+02,8.550907485187053680e-03
4.017402648925781250e+02,8.644616231322288513e-03
4.015165100097656250e+02,8.898681960999965668e-03
4.012927856445312500e+02,8.777616545557975769e-03
4.010690307617187500e+02,8.610690943896770477e-03
4.008452453613281250e+02,8.535281755030155182e-03
4.006214904785156250e+02,8.736801333725452423e-03
4.003977355957031250e+02,8.818334899842739105e-03
4.001739807128906250e+02,8.497956208884716034e-03
3.999502563476562500e+02,8.530837483704090118e-03
3.997264709472656250e+02,7.941818796098232269e-03
3.995027160644531250e+02,7.837605662643909454e-03
3.992789611816406250e+02,8.579105138778686523e-03
3.990552062988281250e+02,8.690115995705127716e-03
3.988314514160156250e+02,8.691322989761829376e-03
3.986076965332031250e+02,8.633627556264400482e-03
3.983839416503906250e+02,8.132055401802062988e-03
3.981601867675781250e+02,8.652035146951675415e-03
3.979364318847656250e+02,7.925204001367092133e-03
3.977126770019531250e+02,7.713787723332643509e-03
3.974889221191406250e+02,8.292471058666706085e-03
3.972651672363281250e+02,8.328027091920375824e-03
3.970414123535156250e+02,8.454621769487857819e-03
3.968176574707031250e+02,8.759546093642711639e-03
3.965939025878906250e+02,8.647511713206768036e-03
3.963701171875000000e+02,8.014141581952571869e-03
3.961463928222656250e+02,8.432835340499877930e-03
3.959226379394531250e+02,8.526984602212905884e-03
3.956988830566406250e+02,8.076140657067298889e-03
3.954751281738281250e+02,8.210334926843643188e-03
3.952513427734375000e+02,8.104605600237846375e-03
3.950275878906250000e+02,8.096459321677684784e-03
3.948038635253906250e+02,8.342827670276165009e-03
3.945801086425781250e+02,7.943979464471340179e-03
3.943563537597656250e+02,8.238319307565689087e-03
3.941325683593750000e+02,8.287536911666393280e-03
3.939088134765625000e+02,7.931686006486415863e-03
3.936850585937500000e+02,8.058329112827777863e-03
3.934613342285156250e+02,7.975731976330280304e-03
3.932375793457031250e+02,8.089545182883739471e-03
3.930138244628906250e+02,8.915767073631286621e-03
3.927900390625000000e+02,8.932177908718585968e-03
3.925662841796875000e+02,8.061219938099384308e-03
3.923425292968750000e+02,8.037793450057506561e-03
3.921188049316406250e+02,8.070081472396850586e-03
3.918950500488281250e+02,8.199104107916355133e-03
3.916712646484375000e+02,8.193590678274631500e-03
3.914475097656250000e+02,7.834207266569137573e-03
3.912237548828125000e+02,9.507266804575920105e-03
3.910000000000000000e+02,8.670977316796779633e-03
3.907762756347656250e+02,8.597983047366142273e-03
3.905524902343750000e+02,8.547904901206493378e-03
3.903287353515625000e+02,7.851094938814640045e-03
3.901049804687500000e+02,7.866010069847106934e-03
3.898812255859375000e+02,8.234906010329723358e-03
3.896574707031250000e+02,8.745231665670871735e-03
3.894337158203125000e+02,8.069290779531002045e-03
3.892099609375000000e+02,8.073109202086925507e-03
3.889862060546875000e+02,8.947241120040416718e-03
3.887624511718750000e+02,8.954666554927825928e-03
3.885386962890625000e+02,8.747909218072891235e-03
3.883149414062500000e+02,8.191965520381927490e-03
3.880911865234375000e+02,8.148768916726112366e-03
3.878674316406250000e+02,8.093777112662792206e-03
3.876436767578125000e+02,8.088630624115467072e-03
3.874199218750000000e+02,8.265123702585697174e-03
3.871961364746093750e+02,7.583614904433488846e-03
3.869724121093750000e+02,7.525697816163301468e-03
3.867486572265625000e+02,8.093002252280712128e-03
3.865249023437500000e+02,7.901731878519058228e-03
3.863011474609375000e+02,7.521149702370166779e-03
3.860773620605468750e+02,7.672161329537630081e-03
3.858536071777343750e+02,7.853145711123943329e-03
3.856298828125000000e+02,7.692615501582622528e-03
3.854061279296875000e+02,7.881337776780128479e-03
3.851823730468750000e+02,7.948897778987884521e-03
3.849585876464843750e+02,8.124725893139839172e-03
3.847348327636718750e+02,8.013701997697353363e-03
3.845110778808593750e+02,7.780579384416341782e-03
3.842873535156250000e+02,7.874285802245140076e-03
3.840635986328125000e+02,8.571832440793514252e-03
3.838398132324218750e+02,8.777560666203498840e-03
3.836160583496093750e+02,8.643854409456253052e-03
3.833923034667968750e+02,7.824307307600975037e-03
3.831685485839843750e+02,8.205262012779712677e-03
3.829448242187500000e+02,8.210839703679084778e-03
3.827210693359375000e+02,8.018988184630870819e-03
3.824972839355468750e+02,8.258517831563949585e-03
3.822735290527343750e+02,8.212583139538764954e-03
3.820497741699218750e+02,8.200225420296192169e-03
3.818260192871093750e+02,8.575242012739181519e-03
3.816022949218750000e+02,8.419899269938468933e-03
3.813785095214843750e+02,7.910912856459617615e-03
3.811547546386718750e+02,7.771343924105167389e-03
3.809309997558593750e+02,7.765904068946838379e-03
3.807072448730468750e+02,7.895243354141712189e-03
3.804834899902343750e+02,8.406328968703746796e-03
3.802597351074218750e+02,8.415631949901580811e-03
3.800359802246093750e+02,8.415472693741321564e-03
3.798122253417968750e+02,8.332766592502593994e-03
3.795884704589843750e+02,8.522371761500835419e-03
3.793647155761718750e+02,8.792763575911521912e-03
3.791409606933593750e+02,8.410719223320484161e-03
3.789172058105468750e+02,8.255159482359886169e-03
3.786934509277343750e+02,7.953112944960594177e-03
3.784696960449218750e+02,8.081474341452121735e-03
3.782459411621093750e+02,8.578657172620296478e-03
3.780221557617187500e+02,8.593277074396610260e-03
3.777984313964843750e+02,8.213167078793048859e-03
3.775746765136718750e+02,8.208096958696842194e-03
3.773509216308593750e+02,8.206883445382118225e-03
3.771271667480468750e+02,8.395937271416187286e-03
3.769033813476562500e+02,8.780829608440399170e-03
3.766796264648437500e+02,8.588946424424648285e-03
3.764559020996093750e+02,7.688861340284347534e-03
3.762321472167968750e+02,7.522964384406805038e-03
3.760083923339843750e+02,8.211977779865264893e-03
3.757846069335937500e+02,8.511167950928211212e-03
3.755608520507812500e+02,8.418984711170196533e-03
3.753370971679687500e+02,8.831423707306385040e-03
3.751133728027343750e+02,9.572344832122325897e-03
3.748896179199218750e+02,1.035455148667097092e-02
3.746658325195312500e+02,9.398542344570159912e-03
3.744420776367187500e+02,9.817255660891532898e-03
3.742183227539062500e+02,1.113946922123432159e-02
3.739945678710937500e+02,9.142043069005012512e-03
3.737708435058593750e+02,8.998383767902851105e-03
3.735470581054687500e+02,9.679302573204040527e-03
3.733233032226562500e+02,9.678140282630920410e-03
3.730995483398437500e+02,9.437317959964275360e-03
3.728757934570312500e+02,9.041109122335910797e-03
3.726520385742187500e+02,8.755477145314216614e-03
3.724283142089843750e+02,9.052202105522155762e-03
3.722045288085937500e+02,8.729844354093074799e-03
3.719807739257812500e+02,8.343579247593879700e-03
3.717570190429687500e+02,8.446949534118175507e-03
3.715332641601562500e+02,7.947896607220172882e-03
3.713095092773437500e+02,7.972412742674350739e-03
3.710857543945312500e+02,8.596010506153106689e-03
3.708619995117187500e+02,8.947798050940036774e-03
3.706382446289062500e+02,8.803467266261577606e-03
3.704144897460937500e+02,9.255456738173961639e-03
3.701907348632812500e+02,8.078076876699924469e-03
3.699669799804687500e+02,7.833831012248992920e-03
3.697432250976562500e+02,8.466586470603942871e-03
3.695194702148437500e+02,8.446168154478073120e-03
3.692957153320312500e+02,8.444566279649734497e-03
3.690719604492187500e+02,8.437773212790489197e-03
3.688481750488281250e+02,7.862485945224761963e-03
3.686244506835937500e+02,7.664647419005632401e-03
3.684006958007812500e+02,7.923775352537631989e-03
3.681769409179687500e+02,8.080943487584590912e-03
3.679531860351562500e+02,1.050209347158670425e-02
3.677294006347656250e+02,8.435998111963272095e-03
3.675056457519531250e+02,8.445590734481811523e-03
3.672819213867187500e+02,8.582822978496551514e-03
3.670581665039062500e+02,8.965257555246353149e-03
3.668344116210937500e+02,8.824669755995273590e-03
3.666106262207031250e+02,8.184547536075115204e-03
3.663868713378906250e+02,8.327492512762546539e-03
3.661631164550781250e+02,8.076317608356475830e-03
3.659393920898437500e+02,8.071265183389186859e-03
3.657156372070312500e+02,7.952081970870494843e-03
3.654918518066406250e+02,7.971414364874362946e-03
3.652680969238281250e+02,8.597516454756259918e-03
3.650443420410156250e+02,8.580365218222141266e-03
3.648205871582031250e+02,9.161937050521373749e-03
3.645968627929687500e+02,7.760988082736730576e-03
3.643730773925781250e+02,8.028637617826461792e-03
3.641493225097656250e+02,8.072248660027980804e-03
3.639255676269531250e+02,8.725062012672424316e-03
3.637018127441406250e+02,8.674685843288898468e-03
3.634780578613281250e+02,7.744453847408294678e-03
3.632543029785156250e+02,7.650714367628097534e-03
3.630305480957031250e+02,8.084236644208431244e-03
3.628067932128906250e+02,8.338990621268749237e-03
3.625830383300781250e+02,8.182715624570846558e-03
3.623592834472656250e+02,8.044220507144927979e-03
3.621355285644531250e+02,8.427816443145275116e-03
3.619117736816406250e+02,8.556154556572437286e-03
3.616880187988281250e+02,8.173607289791107178e-03
3.614642639160156250e+02,8.079718798398971558e-03
3.612405090332031250e+02,8.542080409824848175e-03
3.610167541503906250e+02,8.372970856726169586e-03
3.607929992675781250e+02,7.786841131746768951e-03
3.605692443847656250e+02,7.887968793511390686e-03
3.603454895019531250e+02,8.014613762497901917e-03
3.601217346191406250e+02,8.047793060541152954e-03
3.598979797363281250e+02,8.426835760474205017e-03
3.596741943359375000e+02,8.554273284971714020e-03
3.594504699707031250e+02,8.547972887754440308e-03
3.592267150878906250e+02,8.435882627964019775e-03
3.590029602050781250e+02,8.428369648754596710e-03
3.587792053222656250e+02,8.237982168793678284e-03
3.585554199218750000e+02,7.580270525068044662e-03
3.583316650390625000e+02,7.707594428211450577e-03
3.581079406738281250e+02,7.498144637793302536e-03
3.578841857910156250e+02,7.374172564595937729e-03
3.576604309082031250e+02,7.381832227110862732e-03
3.574366455078125000e+02,7.533841766417026520e-03
3.572128906250000000e+02,7.730322889983654022e-03
3.569891357421875000e+02,7.756814826279878616e-03
3.567654113769531250e+02,8.421240374445915222e-03
3.565416564941406250e+02,8.397320285439491272e-03
3.563178710937500000e+02,8.031448349356651306e-03
3.560941162109375000e+02,7.936551235616207123e-03
3.558703613281250000e+02,6.544667761772871017e-03
3.556466064453125000e+02,6.612608674913644791e-03
3.554228820800781250e+02,7.508012931793928146e-03
3.551990966796875000e+02,7.559034507721662521e-03
3.549753417968750000e+02,8.107231929898262024e-03
3.547515869140625000e+02,7.944603450596332550e-03
3.545278320312500000e+02,7.007289677858352661e-03
3.543040771484375000e+02,7.055813446640968323e-03
3.540803222656250000e+02,8.299347944557666779e-03
3.538565673828125000e+02,8.457533083856105804e-03
3.536328125000000000e+02,8.349753916263580322e-03
3.534090576171875000e+02,8.375481702387332916e-03
3.531853027343750000e+02,7.819301448762416840e-03
3.529615478515625000e+02,7.731939200311899185e-03
3.527377929687500000e+02,7.541166152805089951e-03
3.525140380859375000e+02,7.425324991345405579e-03
3.522902832031250000e+02,7.432374637573957443e-03
3.520665283203125000e+02,7.539677433669567108e-03
3.518427734375000000e+02,8.031987585127353668e-03
3.516190185546875000e+02,8.137689903378486633e-03
3.513952636718750000e+02,7.942530326545238495e-03
3.511715087890625000e+02,7.766066584736108780e-03
3.509477539062500000e+02,7.964196614921092987e-03
3.507239990234375000e+02,8.207927457988262177e-03
3.505002136230468750e+02,8.315078914165496826e-03
3.502764892578125000e+02,8.032876066863536835e-03
3.500527343750000000e+02,7.924349047243595123e-03
3.498289794921875000e+02,8.021236397325992584e-03
3.496052246093750000e+02,7.813124917447566986e-03
3.493814392089843750e+02,7.588128093630075455e-03
3.491576843261718750e+02,7.675999775528907776e-03
3.489339599609375000e+02,8.122372440993785858e-03
3.487102050781250000e+02,8.586958050727844238e-03
3.484864501953125000e+02,8.437268435955047607e-03
3.482626647949218750e+02,8.139920420944690704e-03
3.480389099121093750e+02,8.257263340055942535e-03
3.478151550292968750e+02,8.227996528148651123e-03
3.475914306640625000e+02,7.949064485728740692e-03
3.473676757812500000e+02,7.948710583150386810e-03
3.471438903808593750e+02,7.892513647675514221e-03
3.469201354980468750e+02,7.389208767563104630e-03
3.466963806152343750e+02,7.599323056638240814e-03
3.464726257324218750e+02,8.435964584350585938e-03
3.462489013671875000e+02,8.483342826366424561e-03
3.460251159667968750e+02,7.972056046128273010e-03
3.458013610839843750e+02,7.958260364830493927e-03
3.455776062011718750e+02,7.809130940586328506e-03
3.453538513183593750e+02,7.853864692151546478e-03
3.451300964355468750e+02,7.848972454667091370e-03
3.449063415527343750e+02,7.838555611670017242e-03
3.446825866699218750e+02,8.140157908201217651e-03
3.444588317871093750e+02,8.073836565017700195e-03
3.442350769042968750e+02,8.081294596195220947e-03
3.440113220214843750e+02,8.145998232066631317e-03
3.437875671386718750e+02,8.125009946525096893e-03
3.435638122558593750e+02,7.923980243504047394e-03
3.433400573730468750e+02,7.695709355175495148e-03
3.431163024902343750e+02,8.018616586923599243e-03
3.428925476074218750e+02,8.445301093161106110e-03
3.426687622070312500e+02,8.101537823677062988e-03
3.424450378417968750e+02,7.464575581252574921e-03
3.422212829589843750e+02,7.731012534350156784e-03
3.419975280761718750e+02,8.069679141044616699e-03
3.417737731933593750e+02,8.014486171305179596e-03
3.415500183105468750e+02,8.014263585209846497e-03
3.413262329101562500e+02,7.987224496901035309e-03
3.411025085449218750e+02,7.755842525511980057e-03
3.408787536621093750e+02,7.516539655625820160e-03
3.406549987792968750e+02,7.321947254240512848e-03
3.404312438964843750e+02,7.024660240858793259e-03
3.402074584960937500e+02,7.415745407342910767e-03
3.399837036132812500e+02,7.920136675238609314e-03
3.397599792480468750e+02,8.274869993329048157e-03
3.395362243652343750e+02,8.230981417000293732e-03
3.393124694824218750e+02,7.898941636085510254e-03
3.390886840820312500e+02,7.898941636085510254e-03
3.388649291992187500e+02,7.897370494902133942e-03
3.386411743164062500e+02,7.878337986767292023e-03
3.384174499511718750e+02,7.862609811127185822e-03
3.381936950683593750e+02,7.864730432629585266e-03
3.379699096679687500e+02,8.533067069947719574e-03
3.377461547851562500e+02,8.550322614610195160e-03
3.375223999023437500e+02,8.318224921822547913e-03
3.372986450195312500e+02,8.291691541671752930e-03
3.370749206542968750e+02,7.869245484471321106e-03
3.368511352539062500e+02,7.833855226635932922e-03
3.366273803710937500e+02,7.826750166714191437e-03
3.364036254882812500e+02,7.766700349748134613e-03
3.361798706054687500e+02,7.790075615048408508e-03
3.359561157226562500e+02,8.007637225091457367e-03
3.357323608398437500e+02,7.645646110177040100e-03
3.355086059570312500e+02,7.257846649736166000e-03
3.352848510742187500e+02,6.359715480357408524e-03
3.350610961914062500e+02,6.473677232861518860e-03
3.348373413085937500e+02,7.590021472424268723e-03
3.346135864257812500e+02,6.425986066460609436e-03
3.343898315429687500e+02,6.121145095676183701e-03
3.341660766601562500e+02,7.032036315649747849e-03
3.339423217773437500e+02,8.363281376659870148e-03
3.337185668945312500e+02,8.192208595573902130e-03
3.334947814941406250e+02,6.993481423705816269e-03
3.332710571289062500e+02,6.684163585305213928e-03
3.330473022460937500e+02,6.238845642656087875e-03
3.328235473632812500e+02,6.475450471043586731e-03
3.325997924804687500e+02,6.505692377686500549e-03
3.323760070800781250e+02,6.007628049701452255e-03
3.321522521972656250e+02,5.458496045321226120e-03
3.319285278320312500e+02,5.889725871384143829e-03
3.317047729492187500e+02,6.079972255975008011e-03
3.314810180664062500e+02,5.898837931454181671e-03
3.312572631835937500e+02,5.590549670159816742e-03
3.310334777832031250e+02,6.570226512849330902e-03
3.308097229003906250e+02,5.575407296419143677e-03
3.305859985351562500e+02,5.220283754169940948e-03
3.303622436523437500e+02,5.924443714320659637e-03
3.301384887695312500e+02,5.941717885434627533e-03
3.299147033691406250e+02,5.836917553097009659e-03
3.296909484863281250e+02,4.816969856619834900e-03
3.294671936035156250e+02,5.406314507126808167e-03
3.292434692382812500e+02,6.391671951860189438e-03
3.290197143554687500e+02,6.460076197981834412e-03
3.287959289550781250e+02,6.234149448573589325e-03
3.285721740722656250e+02,5.945090670138597488e-03
3.283484191894531250e+02,5.995040759444236755e-03
3.281246643066406250e+02,5.976601038128137589e-03
3.279009399414062500e+02,6.100928876549005508e-03
3.276771545410156250e+02,5.518923513591289520e-03
3.274533996582031250e+02,5.217875819653272629e-03
3.272296447753906250e+02,5.946345161646604538e-03
3.270058898925781250e+02,5.374879576265811920e-03
3.267821350097656250e+02,3.839085809886455536e-03
3.265583801269531250e+02,4.113365430384874344e-03
3.263346252441406250e+02,5.119257606565952301e-03
3.261108703613281250e+02,4.533893428742885590e-03
3.258871154785156250e+02,4.547878168523311615e-03
3.256633605957031250e+02,4.894889891147613525e-03
3.254396057128906250e+02,3.883450757712125778e-03
3.252158508300781250e+02,3.978710155934095383e-03
3.249920959472656250e+02,4.900607280433177948e-03
3.247683410644531250e+02,5.122779868543148041e-03
3.245445861816406250e+02,5.187576171010732651e-03
3.243208007812500000e+02,4.436492919921875000e-03
3.240970764160156250e+02,4.118106793612241745e-03
3.238733215332031250e+02,4.085263237357139587e-03
3.236495666503906250e+02,3.817456308752298355e-03
3.234258117675781250e+02,3.994594328105449677e-03
3.232020263671875000e+02,4.849088843911886215e-03
3.229782714843750000e+02,4.534822888672351837e-03
3.227545471191406250e+02,4.538575652986764908e-03
3.225307922363281250e+02,5.377918481826782227e-03
3.223070373535156250e+02,4.422916099429130554e-03
3.220832519531250000e+02,4.045023117214441299e-03
3.218594970703125000e+02,4.382343031466007233e-03
3.216357421875000000e+02,4.748072475194931030e-03
3.214120178222656250e+02,4.049089737236499786e-03
3.211882629394531250e+02,4.034781828522682190e-03
3.209645080566406250e+02,4.421354271471500397e-03
3.207407226562500000e+02,4.946327768266201019e-03
3.205169677734375000e+02,4.825954325497150421e-03
3.202932128906250000e+02,4.284081049263477325e-03
3.200694885253906250e+02,4.589210264384746552e-03
3.198457336425781250e+02,4.620999097824096680e-03
3.196219482421875000e+02,4.846188239753246307e-03
3.193981933593750000e+02,4.847575910389423370e-03
3.191744384765625000e+02,4.707580897957086563e-03
3.189506835937500000e+02,4.245612304657697678e-03
3.187269592285156250e+02,4.613533616065979004e-03
3.185031738281250000e+02,4.648128058761358261e-03
3.182794189453125000e+02,4.007116425782442093e-03
3.180556640625000000e+02,4.165829159319400787e-03
3.178319091796875000e+02,4.475027322769165039e-03
3.176081542968750000e+02,4.285977222025394440e-03
3.173843994140625000e+02,4.243706818670034409e-03
3.171606445312500000e+02,4.836498759686946869e-03
3.169368896484375000e+02,4.778329748660326004e-03
3.167131347656250000e+02,4.788361489772796631e-03
3.164893798828125000e+02,4.662620369344949722e-03
3.162656250000000000e+02,4.040024708956480026e-03
3.160418701171875000e+02,4.025618545711040497e-03
3.158181152343750000e+02,4.357976373285055161e-03
3.155943603515625000e+02,4.536857362836599350e-03
3.153706054687500000e+02,4.200305324047803879e-03
3.151468200683593750e+02,3.901144256815314293e-03
3.149230957031250000e+02,4.094229545444250107e-03
3.146993408203125000e+02,4.611495882272720337e-03
3.144755859375000000e+02,4.303959663957357407e-03
3.142518310546875000e+02,4.275350831449031830e-03
3.140280456542968750e+02,4.196187015622854233e-03
3.138042907714843750e+02,4.299307242035865784e-03
3.135805664062500000e+02,4.289752338081598282e-03
3.133568115234375000e+02,4.259883891791105270e-03
3.131330566406250000e+02,4.291118588298559189e-03
3.129092712402343750e+02,4.342737607657909393e-03
3.126855163574218750e+02,4.046234302222728729e-03
3.124617614746093750e+02,3.847419749945402145e-03
3.122380371093750000e+02,4.369680769741535187e-03
3.120142822265625000e+02,4.222312010824680328e-03
3.117904968261718750e+02,4.281323403120040894e-03
3.115667419433593750e+02,4.217064008116722107e-03
3.113429870605468750e+02,4.273540340363979340e-03
3.111192321777343750e+02,4.321364220231771469e-03
3.108955078125000000e+02,4.822162911295890808e-03
3.106717529296875000e+02,5.077572539448738098e-03
3.104479675292968750e+02,4.406814929097890854e-03
3.102242126464843750e+02,4.346522502601146698e-03
3.100004577636718750e+02,4.996454808861017227e-03
3.097767028808593750e+02,4.824691452085971832e-03
3.095529785156250000e+02,4.375344142317771912e-03
3.093291931152343750e+02,4.326941445469856262e-03
3.091054382324218750e+02,4.217903595417737961e-03
3.088816833496093750e+02,3.931494895368814468e-03
3.086579284667968750e+02,4.172680899500846863e-03
3.084341735839843750e+02,4.511482547968626022e-03
3.082104187011718750e+02,4.486366640776395798e-03
3.079866638183593750e+02,4.902447108179330826e-03
3.077629089355468750e+02,4.607441835105419159e-03
3.075391540527343750e+02,4.579677712172269821e-03
3.073153991699218750e+02,4.371904768049716949e-03
3.070916442871093750e+02,4.293074365705251694e-03
3.068678894042968750e+02,4.106433596462011337e-03
3.066441345214843750e+02,4.235873464494943619e-03
3.064203796386718750e+02,3.988702781498432159e-03
3.061966247558593750e+02,3.842186182737350464e-03
3.059728393554687500e+02,4.225190728902816772e-03
3.057491149902343750e+02,5.112349987030029297e-03
3.055253601074218750e+02,4.813038744032382965e-03
3.053016052246093750e+02,4.236171487718820572e-03
3.050778503417968750e+02,4.391940776258707047e-03
3.048540649414062500e+02,4.220197908580303192e-03
3.046303100585937500e+02,4.116247873753309250e-03
3.044065856933593750e+02,4.413173068314790726e-03
3.041828308105468750e+02,4.782205447554588318e-03
3.039590759277343750e+02,4.397365730255842209e-03
3.037352905273437500e+02,5.436500068753957748e-03
3.035115356445312500e+02,8.994057774543762207e-03
3.032877807617187500e+02,7.554726675152778625e-03
3.030640563964843750e+02,4.618967883288860321e-03
3.028403015136718750e+02,5.379428621381521225e-03
3.026165161132812500e+02,4.353786353021860123e-03
3.023927612304687500e+02,4.181477241218090057e-03
3.021690063476562500e+02,4.207501653581857681e-03
3.019452514648437500e+02,4.145718645304441452e-03
3.017215270996093750e+02,3.903561970219016075e-03
3.014977416992187500e+02,4.279657732695341110e-03
3.012739868164062500e+02,4.158480092883110046e-03
3.010502319335937500e+02,4.130079876631498337e-03
3.008264770507812500e+02,4.171035252511501312e-03
3.006027221679687500e+02,4.299912136048078537e-03
3.003789978027343750e+02,4.263173788785934448e-03
3.001552124023437500e+02,4.324632696807384491e-03
2.999314575195312500e+02,4.759201314300298691e-03
2.997077026367187500e+02,4.605107009410858154e-03
2.994839477539062500e+02,4.180653952062129974e-03
2.992601928710937500e+02,4.180431365966796875e-03
2.990364379882812500e+02,4.246541764587163925e-03
2.988126831054687500e+02,4.307293333113193512e-03
2.985889282226562500e+02,3.996796905994415283e-03
2.983651733398437500e+02,4.140949808061122894e-03
2.981414184570312500e+02,4.617162980139255524e-03
2.979176635742187500e+02,4.274556413292884827e-03
2.976939086914062500e+02,3.977550193667411804e-03
2.974701538085937500e+02,4.200425930321216583e-03
2.972463989257812500e+02,4.052609205245971680e-03
2.970226440429687500e+02,4.061632789671421051e-03
2.967988586425781250e+02,4.316262435168027878e-03
2.965751342773437500e+02,4.367631394416093826e-03
2.963513793945312500e+02,4.356656223535537720e-03
2.961276245117187500e+02,4.178569186478853226e-03
2.959038696289062500e+02,4.106371663510799408e-03
2.956800842285156250e+02,4.291508346796035767e-03
2.954563293457031250e+02,4.561991430819034576e-03
2.952326049804687500e+02,4.667158238589763641e-03
2.950088500976562500e+02,4.005862399935722351e-03
2.947850952148437500e+02,4.391594789922237396e-03
2.945613098144531250e+02,4.855850711464881897e-03
2.943375549316406250e+02,4.329543560743331909e-03
2.941138000488281250e+02,4.303169436752796173e-03
2.938900756835937500e+02,4.399423487484455109e-03
2.936663208007812500e+02,4.391138907521963120e-03
2.934425354003906250e+02,4.562901798635721207e-03
2.932187805175781250e+02,5.195810459554195404e-03
2.929950256347656250e+02,4.949665628373622894e-03
2.927712707519531250e+02,4.153567831963300705e-03
2.925475463867187500e+02,4.096323158591985703e-03
2.923237609863281250e+02,4.464302677661180496e-03
2.921000061035156250e+02,4.514412954449653625e-03
2.918762512207031250e+02,4.138740245252847672e-03
2.916524963378906250e+02,4.328473936766386032e-03
2.914287414550781250e+02,4.823964089155197144e-03
2.912049865722656250e+02,4.609643947333097458e-03
2.909812316894531250e+02,4.340724088251590729e-03
2.907574768066406250e+02,4.444885533303022385e-03
2.905337219238281250e+02,4.743452183902263641e-03
2.903099670410156250e+02,4.920365288853645325e-03
2.900862121582031250e+02,4.860372282564640045e-03
2.898624572753906250e+02,4.636680241674184799e-03
2.896387023925781250e+02,4.385271575301885605e-03
2.894149475097656250e+02,4.299307242035865784e-03
2.891911926269531250e+02,4.652807954698801041e-03
2.889674377441406250e+02,4.944276995956897736e-03
2.887436828613281250e+02,4.320097621530294418e-03
2.885199279785156250e+02,5.126950796693563461e-03
2.882961730957031250e+02,5.403485149145126343e-03
2.880724182128906250e+02,4.884216468781232834e-03
2.878486633300781250e+02,5.541937425732612610e-03
2.876248779296875000e+02,5.911015439778566360e-03
2.874011535644531250e+02,5.831677932292222977e-03
2.871773986816406250e+02,6.139354314655065536e-03
2.869536437988281250e+02,5.892937071621417999e-03
2.867298889160156250e+02,5.563274957239627838e-03
2.865061035156250000e+02,5.228079855442047119e-03
2.862823486328125000e+02,5.385546013712882996e-03
2.860586242675781250e+02,5.288055632263422012e-03
2.858348693847656250e+02,5.176193546503782272e-03
2.856111145019531250e+02,5.174241028726100922e-03
2.853873291015625000e+02,5.090918857604265213e-03
2.851635742187500000e+02,4.768107086420059204e-03
2.849398193359375000e+02,4.974679090082645416e-03
2.847160949707031250e+02,5.249373149126768112e-03
2.844923400878906250e+02,5.343142431229352951e-03
2.842685546875000000e+02,5.337086506187915802e-03
2.840447998046875000e+02,5.322957411408424377e-03
2.838210449218750000e+02,5.335754249244928360e-03
2.835972900390625000e+02,5.255112890154123306e-03
2.833735656738281250e+02,4.911676514893770218e-03
2.831497802734375000e+02,4.792587365955114365e-03
2.829260253906250000e+02,5.044008605182170868e-03
2.827022705078125000e+02,5.567860323935747147e-03
2.824785156250000000e+02,5.374096799641847610e-03
2.822547607421875000e+02,5.581981036812067032e-03
2.820310058593750000e+02,5.912067368626594543e-03
2.818072509765625000e+02,5.001402460038661957e-03
2.815834960937500000e+02,4.887097515165805817e-03
2.813597412109375000e+02,5.654224660247564316e-03
2.811359863281250000e+02,6.272266153246164322e-03
2.809122314453125000e+02,5.459297914057970047e-03
2.806884765625000000e+02,4.874216392636299133e-03
2.804647216796875000e+02,5.028564017266035080e-03
2.802409667968750000e+02,5.328420549631118774e-03
2.800172119140625000e+02,5.316097754985094070e-03
2.797934570312500000e+02,4.963395651429891586e-03
2.795697021484375000e+02,4.932964686304330826e-03
2.793459472656250000e+02,nan
